Date,2020-11-13 07:43:41
Filename,STFCB-20201012-0105-0138_20201113_074204_002.dat
Data Label,정상
Label No,00
Motor Spec,L-DEF-01,1730,2.2,8.6,
Period,1SEC
Sample Rate,2000
RMS,2.39305,2.40528,2.55943,
Data Length,2000,
0,1.0810546875,-3.603515625,2.0419921875,
0.0005,0.6005859375,-3.8037109375,2.6025390625,
0.001,0.1201171875,-3.603515625,2.8828125,
0.0015,-0.5205078125,-3.1630859375,3.0029296875,
0.002,-1.3212890625,-2.3623046875,3.1630859375,
0.0025,-2.2421875,-1.681640625,3.36328125,
0.003,-2.72265625,-1.201171875,3.4033203125,
0.0035,-3.1630859375,-0.80078125,3.4033203125,
0.004,-3.203125,-0.400390625,3.0830078125,
0.0045,-3.0830078125,0.2802734375,2.3623046875,
0.005,-3.2431640625,1.0810546875,1.76171875,
0.0055,-3.4833984375,1.921875,1.0810546875,
0.006,-3.5634765625,2.482421875,0.640625,
0.0065,-3.36328125,2.7626953125,0.2001953125,
0.007,-2.962890625,2.8828125,-0.3203125,
0.0075,-2.2822265625,3.0029296875,-1.12109375,
0.008,-1.6015625,3.2431640625,-2.0419921875,
0.0085,-1.041015625,3.3232421875,-2.72265625,
0.009,-0.640625,3.4833984375,-3.283203125,
0.0095,-0.240234375,3.2431640625,-3.5634765625,
0.01,0.48046875,2.6826171875,-3.5234375,
0.0105,1.28125,2.08203125,-3.763671875,
0.011,2.2021484375,1.4013671875,-4.00390625,
0.0115,2.6826171875,0.9609375,-4.0439453125,
0.012,3.0029296875,0.560546875,-3.923828125,
0.0125,3.0830078125,0.1201171875,-3.5634765625,
0.013,3.04296875,-0.640625,-2.8828125,
0.0135,3.2431640625,-1.4814453125,-2.2421875,
0.014,3.4033203125,-2.2822265625,-1.6015625,
0.0145,3.4833984375,-2.8828125,-1.1611328125,
0.015,3.2431640625,-3.123046875,-0.640625,
0.0155,2.6826171875,-3.203125,0,
0.016,2.001953125,-3.4033203125,0.9208984375,
0.0165,1.2412109375,-3.68359375,1.8818359375,
0.017,0.720703125,-3.763671875,2.482421875,
0.0175,0.2802734375,-3.8837890625,2.962890625,
0.018,-0.2802734375,-3.36328125,3.123046875,
0.0185,-1.12109375,-2.6025390625,3.1630859375,
0.019,-1.9619140625,-1.9619140625,3.443359375,
0.0195,-2.72265625,-1.3212890625,3.5234375,
0.02,-3.1630859375,-0.9208984375,3.5634765625,
0.0205,-3.283203125,-0.48046875,3.203125,
0.021,-3.2431640625,0.1201171875,2.642578125,
0.0215,-3.283203125,0.9208984375,1.921875,
0.022,-3.4833984375,1.76171875,1.2412109375,
0.0225,-3.5634765625,2.40234375,0.720703125,
0.023,-3.5634765625,2.8427734375,0.2802734375,
0.0235,-3.0830078125,2.8828125,-0.2802734375,
0.024,-2.40234375,2.9228515625,-1.0009765625,
0.0245,-1.8017578125,3.1630859375,-1.8818359375,
0.025,-1.1611328125,3.3232421875,-2.6826171875,
0.0255,-0.6806640625,3.36328125,-3.1630859375,
0.026,-0.2802734375,3.283203125,-3.4833984375,
0.0265,0.2802734375,2.8427734375,-3.5634765625,
0.027,1.12109375,2.1220703125,-3.603515625,
0.0275,1.921875,1.5615234375,-3.84375,
0.028,2.482421875,1.0009765625,-3.8837890625,
0.0285,2.8828125,0.6806640625,-3.9638671875,
0.029,2.8828125,0.2802734375,-3.5634765625,
0.0295,2.8828125,-0.3203125,-3.04296875,
0.03,3.04296875,-1.0810546875,-2.4423828125,
0.0305,3.203125,-1.921875,-1.8017578125,
0.031,3.3232421875,-2.4423828125,-1.361328125,
0.0315,3.283203125,-2.9228515625,-0.9208984375,
0.032,2.9228515625,-3.04296875,-0.4404296875,
0.0325,2.2421875,-3.1630859375,0.3203125,
0.033,1.6416015625,-3.443359375,1.2412109375,
0.0335,1.041015625,-3.6435546875,1.9619140625,
0.034,0.640625,-3.7236328125,2.5625,
0.0345,0.16015625,-3.5234375,2.8427734375,
0.035,-0.4404296875,-3.04296875,2.9228515625,
0.0355,-1.3212890625,-2.40234375,3.1630859375,
0.036,-2.1220703125,-1.8017578125,3.36328125,
0.0365,-2.6826171875,-1.28125,3.443359375,
0.037,-3.0830078125,-0.9208984375,3.443359375,
0.0375,-3.0830078125,-0.4404296875,3.0029296875,
0.038,-3.123046875,0.2802734375,2.322265625,
0.0385,-3.36328125,1.12109375,1.76171875,
0.039,-3.5234375,1.921875,1.12109375,
0.0395,-3.5634765625,2.4423828125,0.6806640625,
0.04,-3.36328125,2.72265625,0.2001953125,
0.0405,-2.8828125,2.8427734375,-0.4404296875,
0.041,-2.1220703125,3.0029296875,-1.361328125,
0.0415,-1.5615234375,3.203125,-2.2021484375,
0.042,-1.0009765625,3.36328125,-2.8427734375,
0.0425,-0.640625,3.4833984375,-3.283203125,
0.043,0,3.04296875,-3.4033203125,
0.0435,0.6806640625,2.40234375,-3.5234375,
0.044,1.5615234375,1.76171875,-3.763671875,
0.0445,2.2421875,1.28125,-3.8837890625,
0.045,2.6025390625,0.880859375,-3.8837890625,
0.0455,2.8427734375,0.48046875,-3.7236328125,
0.046,2.802734375,0,-3.203125,
0.0465,2.8427734375,-0.7607421875,-2.5625,
0.047,3.0830078125,-1.521484375,-2.0419921875,
0.0475,3.1630859375,-2.2021484375,-1.4814453125,
0.048,3.2431640625,-2.642578125,-1.1611328125,
0.0485,2.9228515625,-2.8427734375,-0.640625,
0.049,2.4423828125,-2.962890625,0,
0.0495,1.8017578125,-3.203125,0.80078125,
0.05,1.28125,-3.36328125,1.5615234375,
0.0505,0.80078125,-3.5234375,2.162109375,
0.051,0.4404296875,-3.5634765625,2.5625,
0.0515,-0.1201171875,-3.1630859375,2.72265625,
0.052,-0.80078125,-2.6025390625,2.8427734375,
0.0525,-1.6015625,-2.08203125,3.1630859375,
0.053,-2.2822265625,-1.5615234375,3.3232421875,
0.0535,-2.72265625,-1.2412109375,3.36328125,
0.054,-2.8828125,-0.720703125,3.123046875,
0.0545,-2.962890625,-0.2001953125,2.642578125,
0.055,-3.1630859375,0.6005859375,2.08203125,
0.0555,-3.36328125,1.3212890625,1.5615234375,
0.056,-3.4833984375,2.001953125,1.041015625,
0.0565,-3.5234375,2.482421875,0.6005859375,
0.057,-3.0830078125,2.6025390625,0.0400390625,
0.0575,-2.5625,2.7626953125,-0.720703125,
0.058,-1.9619140625,3.123046875,-1.6416015625,
0.0585,-1.4013671875,3.3232421875,-2.3623046875,
0.059,-1.0009765625,3.4833984375,-2.8828125,
0.0595,-0.5205078125,3.3232421875,-3.203125,
0.06,0.16015625,2.802734375,-3.36328125,
0.0605,1.0009765625,2.162109375,-3.5634765625,
0.061,1.76171875,1.6015625,-3.84375,
0.0615,2.3623046875,1.1611328125,-3.8837890625,
0.062,2.642578125,0.80078125,-3.8837890625,
0.0625,2.6826171875,0.2802734375,-3.4033203125,
0.063,2.7626953125,-0.3603515625,-2.8828125,
0.0635,3.0029296875,-1.1611328125,-2.2822265625,
0.064,3.1630859375,-1.8818359375,-1.76171875,
0.0645,3.1630859375,-2.40234375,-1.3212890625,
0.065,3.0830078125,-2.72265625,-0.9208984375,
0.0655,2.5625,-2.8427734375,-0.3603515625,
0.066,2.001953125,-2.962890625,0.48046875,
0.0665,1.44140625,-3.2431640625,1.28125,
0.067,1.0009765625,-3.4033203125,1.921875,
0.0675,0.640625,-3.5234375,2.322265625,
0.068,0.16015625,-3.203125,2.5224609375,
0.0685,-0.48046875,-2.7626953125,2.6826171875,
0.069,-1.28125,-2.162109375,2.9228515625,
0.0695,-1.921875,-1.76171875,3.123046875,
0.07,-2.4423828125,-1.3212890625,3.203125,
0.0705,-2.72265625,-1.0009765625,3.1630859375,
0.071,-2.7626953125,-0.48046875,2.6826171875,
0.0715,-2.8828125,0.2001953125,2.2421875,
0.072,-3.203125,0.8408203125,1.76171875,
0.0725,-3.3232421875,1.5615234375,1.2412109375,
0.073,-3.4033203125,2.08203125,0.8408203125,
0.0735,-3.203125,2.40234375,0.3203125,
0.074,-2.7626953125,2.6025390625,-0.2802734375,
0.0745,-2.2421875,2.8828125,-1.12109375,
0.075,-1.681640625,3.1630859375,-1.8818359375,
0.0755,-1.28125,3.3232421875,-2.5224609375,
0.076,-0.8408203125,3.4033203125,-2.962890625,
0.0765,-0.3203125,3.0029296875,-3.1630859375,
0.077,0.4404296875,2.5224609375,-3.36328125,
0.0775,1.3212890625,1.921875,-3.7236328125,
0.078,1.921875,1.4814453125,-3.84375,
0.0785,2.40234375,1.12109375,-3.8837890625,
0.079,2.6025390625,0.640625,-3.68359375,
0.0795,2.6826171875,0.0400390625,-3.203125,
0.08,2.802734375,-0.8408203125,-2.642578125,
0.0805,3.123046875,-1.521484375,-2.08203125,
0.081,3.2431640625,-2.2021484375,-1.6015625,
0.0815,3.203125,-2.5625,-1.201171875,
0.082,2.802734375,-2.72265625,-0.640625,
0.0825,2.322265625,-2.8828125,0.080078125,
0.083,1.681640625,-3.203125,1.0009765625,
0.0835,1.201171875,-3.36328125,1.6416015625,
0.084,0.80078125,-3.4833984375,2.2021484375,
0.0845,0.400390625,-3.4033203125,2.482421875,
0.085,-0.2802734375,-2.8427734375,2.5625,
0.0855,-1.0009765625,-2.3623046875,2.802734375,
0.086,-1.76171875,-1.841796875,3.04296875,
0.0865,-2.2822265625,-1.44140625,3.203125,
0.087,-2.6025390625,-1.12109375,3.1630859375,
0.0875,-2.6826171875,-0.640625,2.802734375,
0.088,-2.8828125,-0.16015625,2.3623046875,
0.0885,-3.0029296875,0.6806640625,1.841796875,
0.089,-3.203125,1.3212890625,1.361328125,
0.0895,-3.36328125,1.9619140625,0.9609375,
0.09,-3.2431640625,2.2822265625,0.5205078125,
0.0905,-2.8427734375,2.4423828125,0,
0.091,-2.40234375,2.6826171875,-0.80078125,
0.0915,-1.841796875,3.0029296875,-1.6015625,
0.092,-1.4013671875,3.1630859375,-2.2421875,
0.0925,-1.0009765625,3.3232421875,-2.72265625,
0.093,-0.5205078125,3.123046875,-3.04296875,
0.0935,0.1201171875,2.6826171875,-3.203125,
0.094,0.9609375,2.162109375,-3.5234375,
0.0945,1.6015625,1.7216796875,-3.7236328125,
0.095,2.2421875,1.2412109375,-3.8837890625,
0.0955,2.5224609375,0.880859375,-3.8037109375,
0.096,2.5625,0.2802734375,-3.3232421875,
0.0965,2.802734375,-0.3603515625,-2.9228515625,
0.097,3.04296875,-1.2412109375,-2.322265625,
0.0975,3.1630859375,-1.841796875,-1.8818359375,
0.098,3.2431640625,-2.40234375,-1.4013671875,
0.0985,3.04296875,-2.642578125,-0.9609375,
0.099,2.5224609375,-2.8427734375,-0.2802734375,
0.0995,1.9619140625,-3.0830078125,0.6005859375,
0.1,1.4013671875,-3.36328125,1.4013671875,
0.1005,1.0009765625,-3.5634765625,2.0419921875,
0.101,0.560546875,-3.5234375,2.482421875,
0.1015,0,-3.123046875,2.6025390625,
0.102,-0.80078125,-2.6025390625,2.8427734375,
0.1025,-1.681640625,-1.9619140625,3.123046875,
0.103,-2.2421875,-1.5615234375,3.2431640625,
0.1035,-2.6826171875,-1.1611328125,3.283203125,
0.104,-2.8427734375,-0.7607421875,3.04296875,
0.1045,-2.802734375,-0.16015625,2.40234375,
0.105,-3.04296875,0.6005859375,1.921875,
0.1055,-3.2431640625,1.4013671875,1.4013671875,
0.106,-3.36328125,2.0419921875,0.9208984375,
0.1065,-3.283203125,2.3623046875,0.5205078125,
0.107,-2.9228515625,2.5224609375,0,
0.1075,-2.40234375,2.6826171875,-0.720703125,
0.108,-1.8017578125,3.0029296875,-1.6015625,
0.1085,-1.3212890625,3.1630859375,-2.2822265625,
0.109,-0.9208984375,3.3232421875,-2.8427734375,
0.1095,-0.5205078125,3.203125,-3.0830078125,
0.11,0.1201171875,2.6826171875,-3.203125,
0.1105,0.880859375,2.2021484375,-3.4833984375,
0.111,1.6416015625,1.6015625,-3.68359375,
0.1115,2.162109375,1.2412109375,-3.8037109375,
0.112,2.5224609375,0.80078125,-3.7236328125,
0.1125,2.6025390625,0.3603515625,-3.4833984375,
0.113,2.6826171875,-0.2802734375,-2.9228515625,
0.1135,2.9228515625,-1.0009765625,-2.40234375,
0.114,3.123046875,-1.681640625,-1.921875,
0.1145,3.2431640625,-2.322265625,-1.44140625,
0.115,3.123046875,-2.6025390625,-1.041015625,
0.1155,2.6826171875,-2.7626953125,-0.4404296875,
0.116,2.2021484375,-3.0029296875,0.2802734375,
0.1165,1.5615234375,-3.2431640625,1.201171875,
0.117,1.12109375,-3.4833984375,1.8017578125,
0.1175,0.720703125,-3.5634765625,2.3623046875,
0.118,0.2802734375,-3.36328125,2.5625,
0.1185,-0.48046875,-2.7626953125,2.72265625,
0.119,-1.28125,-2.2822265625,3.04296875,
0.1195,-2.001953125,-1.76171875,3.203125,
0.12,-2.5625,-1.4013671875,3.36328125,
0.1205,-2.7626953125,-1.0009765625,3.1630859375,
0.121,-2.8828125,-0.400390625,2.7626953125,
0.1215,-3.0029296875,0.2802734375,2.2421875,
0.122,-3.2431640625,1.12109375,1.6015625,
0.1225,-3.4033203125,1.76171875,1.201171875,
0.123,-3.4833984375,2.322265625,0.6806640625,
0.1235,-3.203125,2.5224609375,0.240234375,
0.124,-2.6025390625,2.642578125,-0.5205078125,
0.1245,-2.08203125,3.0029296875,-1.361328125,
0.125,-1.4814453125,3.2431640625,-2.2021484375,
0.1255,-1.0810546875,3.4033203125,-2.7626953125,
0.126,-0.640625,3.3232421875,-3.123046875,
0.1265,-0.080078125,2.8828125,-3.2431640625,
0.127,0.7607421875,2.2822265625,-3.4833984375,
0.1275,1.6015625,1.7216796875,-3.7236328125,
0.128,2.2021484375,1.201171875,-3.8037109375,
0.1285,2.6025390625,0.80078125,-3.923828125,
0.129,2.802734375,0.48046875,-3.5634765625,
0.1295,2.6826171875,-0.2001953125,-2.962890625,
0.13,2.8828125,-0.9208984375,-2.482421875,
0.1305,3.123046875,-1.7216796875,-1.8818359375,
0.131,3.203125,-2.2822265625,-1.44140625,
0.1315,3.123046875,-2.6826171875,-1.0009765625,
0.132,2.7626953125,-2.802734375,-0.5205078125,
0.1325,2.2021484375,-2.9228515625,0.2802734375,
0.133,1.6015625,-3.203125,1.12109375,
0.1335,1.0810546875,-3.4033203125,1.76171875,
0.134,0.720703125,-3.5634765625,2.3623046875,
0.1345,0.2802734375,-3.36328125,2.5625,
0.135,-0.3603515625,-2.8828125,2.6826171875,
0.1355,-1.1611328125,-2.3623046875,2.9228515625,
0.136,-1.921875,-1.8017578125,3.1630859375,
0.1365,-2.4423828125,-1.44140625,3.2431640625,
0.137,-2.7626953125,-1.0009765625,3.203125,
0.1375,-2.8828125,-0.6005859375,2.9228515625,
0.138,-2.9228515625,0.1201171875,2.322265625,
0.1385,-3.203125,0.880859375,1.841796875,
0.139,-3.36328125,1.6416015625,1.28125,
0.1395,-3.4833984375,2.2421875,0.8408203125,
0.14,-3.283203125,2.5224609375,0.3603515625,
0.1405,-2.8427734375,2.642578125,-0.2802734375,
0.141,-2.2822265625,2.9228515625,-1.0810546875,
0.1415,-1.6416015625,3.1630859375,-1.9619140625,
0.142,-1.201171875,3.3232421875,-2.6025390625,
0.1425,-0.80078125,3.4833984375,-3.0830078125,
0.143,-0.2802734375,3.123046875,-3.283203125,
0.1435,0.5205078125,2.5224609375,-3.4033203125,
0.144,1.4013671875,1.921875,-3.7236328125,
0.1445,2.162109375,1.361328125,-3.923828125,
0.145,2.6025390625,0.9609375,-4.00390625,
0.1455,2.802734375,0.560546875,-3.763671875,
0.146,2.8427734375,0,-3.283203125,
0.1465,2.9228515625,-0.8408203125,-2.6025390625,
0.147,3.1630859375,-1.6416015625,-2.001953125,
0.1475,3.283203125,-2.322265625,-1.4814453125,
0.148,3.36328125,-2.8427734375,-1.0810546875,
0.1485,2.962890625,-2.9228515625,-0.560546875,
0.149,2.322265625,-3.04296875,0.2001953125,
0.1495,1.681640625,-3.36328125,1.12109375,
0.15,1.0810546875,-3.5634765625,1.921875,
0.1505,0.640625,-3.603515625,2.482421875,
0.151,0.2001953125,-3.5234375,2.802734375,
0.1515,-0.4404296875,-3.0029296875,2.8828125,
0.152,-1.28125,-2.322265625,3.0029296875,
0.1525,-2.0419921875,-1.8017578125,3.203125,
0.153,-2.642578125,-1.28125,3.283203125,
0.1535,-2.962890625,-0.9208984375,3.3232421875,
0.154,-3.0029296875,-0.4404296875,2.8828125,
0.1545,-3.0029296875,0.16015625,2.3623046875,
0.155,-3.203125,0.9609375,1.76171875,
0.1555,-3.283203125,1.7216796875,1.201171875,
0.156,-3.36328125,2.2421875,0.720703125,
0.1565,-3.36328125,2.6025390625,0.3203125,
0.157,-2.8828125,2.6826171875,-0.240234375,
0.1575,-2.2822265625,2.8427734375,-1.0009765625,
0.158,-1.681640625,3.123046875,-1.8818359375,
0.1585,-1.1611328125,3.283203125,-2.5625,
0.159,-0.80078125,3.443359375,-3.0830078125,
0.1595,-0.3203125,3.1630859375,-3.283203125,
0.16,0.3203125,2.6826171875,-3.4033203125,
0.1605,1.1611328125,2.0419921875,-3.6435546875,
0.161,1.8818359375,1.521484375,-3.84375,
0.1615,2.4423828125,1.0810546875,-3.8837890625,
0.162,2.802734375,0.720703125,-3.9638671875,
0.1625,2.8427734375,0.240234375,-3.4833984375,
0.163,2.8828125,-0.48046875,-2.8828125,
0.1635,3.1630859375,-1.28125,-2.322265625,
0.164,3.2431640625,-2.08203125,-1.7216796875,
0.1645,3.36328125,-2.6025390625,-1.28125,
0.165,3.1630859375,-2.9228515625,-0.80078125,
0.1655,2.6826171875,-3.04296875,-0.2001953125,
0.166,2.001953125,-3.203125,0.6806640625,
0.1665,1.4013671875,-3.4833984375,1.5615234375,
0.167,0.880859375,-3.6435546875,2.2421875,
0.1675,0.48046875,-3.7236328125,2.72265625,
0.168,-0.16015625,-3.283203125,2.8427734375,
0.1685,-0.880859375,-2.6826171875,3.0029296875,
0.169,-1.841796875,-2.001953125,3.2431640625,
0.1695,-2.4423828125,-1.4814453125,3.4033203125,
0.17,-2.8828125,-1.041015625,3.4033203125,
0.1705,-3.0830078125,-0.640625,3.203125,
0.171,-3.0830078125,0,2.6025390625,
0.1715,-3.1630859375,0.7607421875,1.921875,
0.172,-3.36328125,1.5615234375,1.361328125,
0.1725,-3.4833984375,2.2421875,0.80078125,
0.173,-3.4833984375,2.6025390625,0.4404296875,
0.1735,-3.04296875,2.72265625,-0.16015625,
0.174,-2.4423828125,2.8427734375,-0.8408203125,
0.1745,-1.76171875,3.123046875,-1.8017578125,
0.175,-1.2412109375,3.2431640625,-2.482421875,
0.1755,-0.80078125,3.36328125,-3.04296875,
0.176,-0.400390625,3.3232421875,-3.36328125,
0.1765,0.240234375,2.72265625,-3.4033203125,
0.177,0.9609375,2.08203125,-3.5634765625,
0.1775,1.841796875,1.5615234375,-3.8037109375,
0.178,2.40234375,1.12109375,-3.8837890625,
0.1785,2.72265625,0.7607421875,-3.8837890625,
0.179,2.8427734375,0.2802734375,-3.5634765625,
0.1795,2.8427734375,-0.3203125,-3.0029296875,
0.18,3.0029296875,-1.0810546875,-2.3623046875,
0.1805,3.1630859375,-1.8017578125,-1.841796875,
0.181,3.283203125,-2.4423828125,-1.3212890625,
0.1815,3.283203125,-2.8427734375,-0.9609375,
0.182,2.802734375,-2.9228515625,-0.3603515625,
0.1825,2.2421875,-3.0830078125,0.3603515625,
0.183,1.5615234375,-3.4033203125,1.3212890625,
0.1835,1.041015625,-3.5634765625,2.001953125,
0.184,0.6005859375,-3.7236328125,2.5625,
0.1845,0.16015625,-3.5634765625,2.8427734375,
0.185,-0.6005859375,-3.0029296875,2.9228515625,
0.1855,-1.4013671875,-2.2822265625,3.1630859375,
0.186,-2.2021484375,-1.76171875,3.4033203125,
0.1865,-2.8427734375,-1.2412109375,3.5234375,
0.187,-3.0830078125,-0.8408203125,3.443359375,
0.1875,-3.123046875,-0.3203125,2.8828125,
0.188,-3.203125,0.4404296875,2.2822265625,
0.1885,-3.443359375,1.4013671875,1.5615234375,
0.189,-3.5634765625,2.0419921875,1.041015625,
0.1895,-3.603515625,2.6826171875,0.560546875,
0.19,-3.4033203125,2.8828125,0.080078125,
0.1905,-2.6826171875,2.9228515625,-0.6806640625,
0.191,-2.001953125,3.1630859375,-1.6015625,
0.1915,-1.3212890625,3.4033203125,-2.5224609375,
0.192,-0.8408203125,3.5234375,-3.123046875,
0.1925,-0.400390625,3.443359375,-3.4833984375,
0.193,0.16015625,2.962890625,-3.603515625,
0.1935,1.0009765625,2.2421875,-3.7236328125,
0.194,1.921875,1.5615234375,-3.8837890625,
0.1945,2.5224609375,1.041015625,-3.9638671875,
0.195,2.9228515625,0.640625,-4.00390625,
0.1955,3.04296875,0.2802734375,-3.7236328125,
0.196,2.9228515625,-0.400390625,-3.04296875,
0.1965,3.04296875,-1.12109375,-2.40234375,
0.197,3.203125,-2.001953125,-1.681640625,
0.1975,3.3232421875,-2.6025390625,-1.2412109375,
0.198,3.2431640625,-2.962890625,-0.80078125,
0.1985,2.9228515625,-3.0830078125,-0.3603515625,
0.199,2.2421875,-3.1630859375,0.4404296875,
0.1995,1.5615234375,-3.36328125,1.3212890625,
0.2,0.9609375,-3.5634765625,2.0419921875,
0.2005,0.560546875,-3.7236328125,2.6025390625,
0.201,0.1201171875,-3.603515625,2.8427734375,
0.2015,-0.48046875,-3.0029296875,2.9228515625,
0.202,-1.28125,-2.40234375,3.1630859375,
0.2025,-2.2021484375,-1.7216796875,3.36328125,
0.203,-2.72265625,-1.28125,3.443359375,
0.2035,-3.1630859375,-0.8408203125,3.4033203125,
0.204,-3.203125,-0.4404296875,3.123046875,
0.2045,-3.203125,0.2802734375,2.40234375,
0.205,-3.36328125,1.0810546875,1.841796875,
0.2055,-3.5634765625,1.921875,1.201171875,
0.206,-3.6435546875,2.5224609375,0.6806640625,
0.2065,-3.5234375,2.8427734375,0.240234375,
0.207,-3.04296875,2.962890625,-0.3603515625,
0.2075,-2.322265625,3.1630859375,-1.2412109375,
0.208,-1.6015625,3.36328125,-2.2421875,
0.2085,-1.041015625,3.4833984375,-2.8828125,
0.209,-0.640625,3.5634765625,-3.4833984375,
0.2095,-0.1201171875,3.3232421875,-3.6435546875,
0.21,0.6806640625,2.5625,-3.68359375,
0.2105,1.5615234375,1.921875,-3.8837890625,
0.211,2.40234375,1.28125,-4.083984375,
0.2115,2.8427734375,0.80078125,-4.1240234375,
0.212,3.0830078125,0.3603515625,-3.8837890625,
0.2125,3.0830078125,-0.16015625,-3.36328125,
0.213,3.04296875,-0.9208984375,-2.6025390625,
0.2135,3.2431640625,-1.8017578125,-1.9619140625,
0.214,3.3232421875,-2.4423828125,-1.361328125,
0.2145,3.4033203125,-2.962890625,-1.0009765625,
0.215,3.04296875,-3.123046875,-0.5205078125,
0.2155,2.40234375,-3.123046875,0.2001953125,
0.216,1.76171875,-3.36328125,1.0810546875,
0.2165,1.041015625,-3.5634765625,1.921875,
0.217,0.6005859375,-3.603515625,2.40234375,
0.2175,0.2001953125,-3.5634765625,2.8427734375,
0.218,-0.3203125,-3.203125,2.962890625,
0.2185,-1.12109375,-2.4423828125,3.0029296875,
0.219,-1.921875,-1.921875,3.2431640625,
0.2195,-2.5625,-1.3212890625,3.3232421875,
0.22,-2.962890625,-1.0009765625,3.443359375,
0.2205,-3.0830078125,-0.6005859375,3.123046875,
0.221,-3.0830078125,0,2.6025390625,
0.2215,-3.203125,0.6806640625,2.0419921875,
0.222,-3.36328125,1.5615234375,1.361328125,
0.2225,-3.5234375,2.162109375,0.9208984375,
0.223,-3.5634765625,2.6826171875,0.4404296875,
0.2235,-3.203125,2.8427734375,0,
0.224,-2.5625,2.8427734375,-0.80078125,
0.2245,-1.9619140625,3.1630859375,-1.6416015625,
0.225,-1.3212890625,3.3232421875,-2.5224609375,
0.2255,-0.9208984375,3.5234375,-3.0830078125,
0.226,-0.4404296875,3.4033203125,-3.4033203125,
0.2265,0.16015625,2.962890625,-3.5234375,
0.227,1.0009765625,2.2822265625,-3.7236328125,
0.2275,1.841796875,1.6416015625,-3.923828125,
0.228,2.482421875,1.12109375,-4.00390625,
0.2285,2.8828125,0.7607421875,-4.0439453125,
0.229,2.9228515625,0.2802734375,-3.6435546875,
0.2295,2.9228515625,-0.3603515625,-3.0029296875,
0.23,3.123046875,-1.1611328125,-2.4423828125,
0.2305,3.283203125,-2.0419921875,-1.76171875,
0.231,3.36328125,-2.5625,-1.3212890625,
0.2315,3.2431640625,-2.9228515625,-0.8408203125,
0.232,2.802734375,-3.0830078125,-0.3203125,
0.2325,2.0419921875,-3.203125,0.6005859375,
0.233,1.44140625,-3.4833984375,1.4013671875,
0.2335,0.880859375,-3.5634765625,2.1220703125,
0.234,0.560546875,-3.68359375,2.642578125,
0.2345,0,-3.3232421875,2.802734375,
0.235,-0.6806640625,-2.7626953125,2.8828125,
0.2355,-1.4814453125,-2.1220703125,3.123046875,
0.236,-2.2421875,-1.6015625,3.2431640625,
0.2365,-2.6826171875,-1.1611328125,3.3232421875,
0.237,-2.962890625,-0.80078125,3.203125,
0.2375,-2.962890625,-0.3203125,2.7626953125,
0.238,-2.962890625,0.3603515625,2.1220703125,
0.2385,-3.203125,1.12109375,1.6015625,
0.239,-3.36328125,1.8818359375,1.0810546875,
0.2395,-3.4833984375,2.3623046875,0.640625,
0.24,-3.203125,2.5625,0.2001953125,
0.2405,-2.72265625,2.72265625,-0.4404296875,
0.241,-2.162109375,2.8828125,-1.28125,
0.2415,-1.5615234375,3.1630859375,-2.08203125,
0.242,-1.0810546875,3.3232421875,-2.6826171875,
0.2425,-0.720703125,3.443359375,-3.203125,
0.243,-0.2001953125,3.0830078125,-3.3232421875,
0.2435,0.560546875,2.5224609375,-3.443359375,
0.244,1.4013671875,1.921875,-3.7236328125,
0.2445,2.08203125,1.4013671875,-3.8837890625,
0.245,2.5224609375,1.0009765625,-3.9638671875,
0.2455,2.802734375,0.6005859375,-3.763671875,
0.246,2.802734375,0.0400390625,-3.283203125,
0.2465,2.8828125,-0.720703125,-2.6826171875,
0.247,3.1630859375,-1.521484375,-2.08203125,
0.2475,3.2431640625,-2.2021484375,-1.5615234375,
0.248,3.3232421875,-2.72265625,-1.1611328125,
0.2485,2.9228515625,-2.8828125,-0.640625,
0.249,2.40234375,-3.04296875,0.0400390625,
0.2495,1.8017578125,-3.2431640625,0.9609375,
0.25,1.2412109375,-3.4033203125,1.681640625,
0.2505,0.80078125,-3.5634765625,2.2421875,
0.251,0.3603515625,-3.5234375,2.6025390625,
0.2515,-0.240234375,-3.04296875,2.72265625,
0.252,-1.0009765625,-2.40234375,2.8828125,
0.2525,-1.8017578125,-1.921875,3.123046875,
0.253,-2.3623046875,-1.44140625,3.2431640625,
0.2535,-2.72265625,-1.12109375,3.3232421875,
0.254,-2.8427734375,-0.640625,2.9228515625,
0.2545,-2.8828125,0,2.4423828125,
0.255,-3.0830078125,0.7607421875,1.8818359375,
0.2555,-3.2431640625,1.44140625,1.361328125,
0.256,-3.36328125,1.9619140625,0.9208984375,
0.2565,-3.3232421875,2.40234375,0.48046875,
0.257,-2.9228515625,2.5224609375,-0.080078125,
0.2575,-2.322265625,2.6826171875,-0.80078125,
0.258,-1.8017578125,3.0029296875,-1.6416015625,
0.2585,-1.3212890625,3.203125,-2.2822265625,
0.259,-0.9609375,3.3232421875,-2.8427734375,
0.2595,-0.5205078125,3.123046875,-3.0830078125,
0.26,0.1201171875,2.6826171875,-3.2431640625,
0.2605,0.9609375,2.1220703125,-3.4833984375,
0.261,1.6015625,1.6416015625,-3.68359375,
0.2615,2.162109375,1.2412109375,-3.8037109375,
0.262,2.5625,0.880859375,-3.84375,
0.2625,2.6025390625,0.400390625,-3.4033203125,
0.263,2.72265625,-0.2802734375,-2.9228515625,
0.2635,2.962890625,-1.0009765625,-2.4423828125,
0.264,3.123046875,-1.8017578125,-1.8818359375,
0.2645,3.203125,-2.2822265625,-1.4814453125,
0.265,3.04296875,-2.6826171875,-1.0009765625,
0.2655,2.6826171875,-2.802734375,-0.400390625,
0.266,2.08203125,-3.0029296875,0.400390625,
0.2665,1.5615234375,-3.2431640625,1.201171875,
0.267,1.0810546875,-3.4833984375,1.8818359375,
0.2675,0.6806640625,-3.5634765625,2.3623046875,
0.268,0.16015625,-3.203125,2.5224609375,
0.2685,-0.5205078125,-2.7626953125,2.72265625,
0.269,-1.361328125,-2.2021484375,3.0029296875,
0.2695,-1.9619140625,-1.76171875,3.1630859375,
0.27,-2.482421875,-1.3212890625,3.2431640625,
0.2705,-2.72265625,-0.9609375,3.123046875,
0.271,-2.7626953125,-0.400390625,2.642578125,
0.2715,-2.9228515625,0.2802734375,2.1220703125,
0.272,-3.203125,1.0009765625,1.6416015625,
0.2725,-3.3232421875,1.7216796875,1.12109375,
0.273,-3.36328125,2.162109375,0.720703125,
0.2735,-3.0830078125,2.40234375,0.240234375,
0.274,-2.6025390625,2.6025390625,-0.4404296875,
0.2745,-2.001953125,2.8828125,-1.3212890625,
0.275,-1.5615234375,3.123046875,-2.001953125,
0.2755,-1.12109375,3.2431640625,-2.5625,
0.276,-0.720703125,3.283203125,-2.962890625,
0.2765,-0.16015625,2.8427734375,-3.123046875,
0.277,0.6005859375,2.3623046875,-3.36328125,
0.2775,1.4013671875,1.841796875,-3.603515625,
0.278,2.001953125,1.361328125,-3.8037109375,
0.2785,2.40234375,1.0009765625,-3.84375,
0.279,2.5625,0.560546875,-3.5634765625,
0.2795,2.6826171875,0,-3.0830078125,
0.28,2.8427734375,-0.80078125,-2.5224609375,
0.2805,3.04296875,-1.521484375,-2.0419921875,
0.281,3.1630859375,-2.162109375,-1.6015625,
0.2815,3.1630859375,-2.5625,-1.1611328125,
0.282,2.7626953125,-2.6826171875,-0.640625,
0.2825,2.2822265625,-2.8828125,0.1201171875,
0.283,1.7216796875,-3.203125,0.9609375,
0.2835,1.2412109375,-3.36328125,1.6416015625,
0.284,0.8408203125,-3.5634765625,2.2021484375,
0.2845,0.400390625,-3.36328125,2.482421875,
0.285,-0.2802734375,-2.8828125,2.642578125,
0.2855,-1.041015625,-2.3623046875,2.8828125,
0.286,-1.8017578125,-1.8818359375,3.123046875,
0.2865,-2.3623046875,-1.44140625,3.283203125,
0.287,-2.642578125,-1.12109375,3.203125,
0.2875,-2.7626953125,-0.6005859375,2.802734375,
0.288,-2.8828125,0.0400390625,2.3623046875,
0.2885,-3.1630859375,0.880859375,1.76171875,
0.289,-3.283203125,1.521484375,1.28125,
0.2895,-3.4033203125,2.08203125,0.880859375,
0.29,-3.2431640625,2.40234375,0.4404296875,
0.2905,-2.7626953125,2.5625,-0.2802734375,
0.291,-2.2421875,2.8427734375,-1.041015625,
0.2915,-1.6416015625,3.123046875,-1.841796875,
0.292,-1.2412109375,3.3232421875,-2.5224609375,
0.2925,-0.80078125,3.3232421875,-2.9228515625,
0.293,-0.3203125,3.0029296875,-3.123046875,
0.2935,0.3603515625,2.5224609375,-3.3232421875,
0.294,1.28125,1.921875,-3.603515625,
0.2945,1.8818359375,1.44140625,-3.7236328125,
0.295,2.40234375,1.041015625,-3.84375,
0.2955,2.6025390625,0.6806640625,-3.7236328125,
0.296,2.6025390625,0.080078125,-3.1630859375,
0.2965,2.802734375,-0.640625,-2.6826171875,
0.297,3.0029296875,-1.44140625,-2.1220703125,
0.2975,3.1630859375,-2.001953125,-1.6416015625,
0.298,3.1630859375,-2.482421875,-1.2412109375,
0.2985,2.8828125,-2.72265625,-0.720703125,
0.299,2.40234375,-2.8427734375,-0.080078125,
0.2995,1.8017578125,-3.123046875,0.80078125,
0.3,1.28125,-3.3232421875,1.4814453125,
0.3005,0.9208984375,-3.5234375,2.08203125,
0.301,0.48046875,-3.4833984375,2.482421875,
0.3015,-0.16015625,-3.0029296875,2.5625,
0.302,-0.8408203125,-2.5224609375,2.8427734375,
0.3025,-1.7216796875,-1.9619140625,3.123046875,
0.303,-2.2421875,-1.5615234375,3.203125,
0.3035,-2.642578125,-1.1611328125,3.2431640625,
0.304,-2.802734375,-0.7607421875,2.962890625,
0.3045,-2.8828125,-0.16015625,2.482421875,
0.305,-3.0830078125,0.6005859375,1.921875,
0.3055,-3.283203125,1.4013671875,1.4013671875,
0.306,-3.4033203125,2.001953125,0.9609375,
0.3065,-3.3232421875,2.40234375,0.560546875,
0.307,-2.9228515625,2.5224609375,0,
0.3075,-2.4423828125,2.7626953125,-0.7607421875,
0.308,-1.8017578125,3.04296875,-1.681640625,
0.3085,-1.3212890625,3.203125,-2.2822265625,
0.309,-0.9208984375,3.36328125,-2.8828125,
0.3095,-0.5205078125,3.203125,-3.1630859375,
0.31,0.2001953125,2.6025390625,-3.2431640625,
0.3105,1.0009765625,2.1220703125,-3.5634765625,
0.311,1.76171875,1.5615234375,-3.7236328125,
0.3115,2.2822265625,1.1611328125,-3.8837890625,
0.312,2.6025390625,0.7607421875,-3.8037109375,
0.3125,2.642578125,0.240234375,-3.36328125,
0.313,2.7626953125,-0.48046875,-2.8828125,
0.3135,3.0029296875,-1.28125,-2.2421875,
0.314,3.1630859375,-1.8818359375,-1.76171875,
0.3145,3.283203125,-2.5224609375,-1.3212890625,
0.315,3.123046875,-2.72265625,-0.880859375,
0.3155,2.5224609375,-2.8427734375,-0.240234375,
0.316,2.001953125,-3.1630859375,0.6005859375,
0.3165,1.4013671875,-3.36328125,1.4814453125,
0.317,0.9609375,-3.5634765625,2.0419921875,
0.3175,0.560546875,-3.5234375,2.482421875,
0.318,0.0400390625,-3.203125,2.6826171875,
0.3185,-0.720703125,-2.6025390625,2.802734375,
0.319,-1.6015625,-2.0419921875,3.0830078125,
0.3195,-2.2021484375,-1.5615234375,3.203125,
0.32,-2.72265625,-1.2412109375,3.3232421875,
0.3205,-2.8828125,-0.80078125,3.123046875,
0.321,-2.8828125,-0.2802734375,2.5224609375,
0.3215,-3.0830078125,0.5205078125,2.0419921875,
0.322,-3.283203125,1.4013671875,1.44140625,
0.3225,-3.36328125,1.921875,1.0009765625,
0.323,-3.4033203125,2.40234375,0.560546875,
0.3235,-3.0830078125,2.6025390625,0.080078125,
0.324,-2.482421875,2.72265625,-0.6806640625,
0.3245,-1.9619140625,3.04296875,-1.5615234375,
0.325,-1.361328125,3.203125,-2.2822265625,
0.3255,-1.0009765625,3.443359375,-2.8828125,
0.326,-0.5205078125,3.283203125,-3.203125,
0.3265,0.080078125,2.8427734375,-3.283203125,
0.327,0.880859375,2.2421875,-3.5234375,
0.3275,1.7216796875,1.6416015625,-3.763671875,
0.328,2.2421875,1.201171875,-3.84375,
0.3285,2.6826171875,0.7607421875,-3.8837890625,
0.329,2.7626953125,0.3203125,-3.603515625,
0.3295,2.7626953125,-0.3203125,-2.9228515625,
0.33,3.0029296875,-1.0810546875,-2.4423828125,
0.3305,3.203125,-1.8818359375,-1.8017578125,
0.331,3.283203125,-2.4423828125,-1.361328125,
0.3315,3.1630859375,-2.802734375,-0.9609375,
0.332,2.7626953125,-2.9228515625,-0.3603515625,
0.3325,2.162109375,-3.0830078125,0.48046875,
0.333,1.521484375,-3.36328125,1.361328125,
0.3335,0.9609375,-3.5234375,2.001953125,
0.334,0.6005859375,-3.68359375,2.5625,
0.3345,0.080078125,-3.36328125,2.7626953125,
0.335,-0.640625,-2.72265625,2.8427734375,
0.3355,-1.44140625,-2.2021484375,3.123046875,
0.336,-2.2822265625,-1.6416015625,3.3232421875,
0.3365,-2.72265625,-1.28125,3.36328125,
0.337,-3.0029296875,-0.7607421875,3.203125,
0.3375,-3.04296875,-0.3203125,2.802734375,
0.338,-3.0830078125,0.48046875,2.1220703125,
0.3385,-3.283203125,1.3212890625,1.5615234375,
0.339,-3.4833984375,2.0419921875,1.0009765625,
0.3395,-3.5634765625,2.5625,0.6005859375,
0.34,-3.203125,2.6826171875,0.080078125,
0.3405,-2.6025390625,2.802734375,-0.640625,
0.341,-2.001953125,3.123046875,-1.4814453125,
0.3415,-1.361328125,3.283203125,-2.3623046875,
0.342,-0.9208984375,3.4033203125,-2.8828125,
0.3425,-0.5205078125,3.4033203125,-3.283203125,
0.343,0.080078125,2.962890625,-3.443359375,
0.3435,0.8408203125,2.08203125,-3.603515625,
0.344,1.681640625,1.6416015625,-3.8037109375,
0.3445,2.322265625,1.12109375,-3.8837890625,
0.345,2.72265625,0.80078125,-3.923828125,
0.3455,2.8427734375,0.3203125,-3.603515625,
0.346,2.8427734375,-0.2001953125,-3.0830078125,
0.3465,2.962890625,-1.0009765625,-2.4423828125,
0.347,3.1630859375,-1.76171875,-1.8818359375,
0.3475,3.203125,-2.322265625,-1.4013671875,
0.348,3.2431640625,-2.8427734375,-1.0009765625,
0.3485,2.8828125,-2.8828125,-0.5205078125,
0.349,2.2421875,-2.962890625,0.240234375,
0.3495,1.681640625,-3.283203125,1.12109375,
0.35,1.0810546875,-3.4833984375,1.8818359375,
0.3505,0.6806640625,-3.603515625,2.40234375,
0.351,0.240234375,-3.4833984375,2.72265625,
0.3515,-0.2802734375,-3.04296875,2.7626953125,
0.352,-1.201171875,-2.4423828125,3.0029296875,
0.3525,-1.9619140625,-1.8818359375,3.2431640625,
0.353,-2.5625,-1.3212890625,3.3232421875,
0.3535,-2.962890625,-1.0009765625,3.4033203125,
0.354,-3.0029296875,-0.5205078125,3.0029296875,
0.3545,-3.04296875,0.16015625,2.40234375,
0.355,-3.283203125,0.9609375,1.8818359375,
0.3555,-3.443359375,1.76171875,1.2412109375,
0.356,-3.5234375,2.2822265625,0.7607421875,
0.3565,-3.4033203125,2.6826171875,0.2802734375,
0.357,-2.9228515625,2.802734375,-0.3203125,
0.3575,-2.2421875,2.962890625,-1.1611328125,
0.358,-1.6416015625,3.2431640625,-2.0419921875,
0.3585,-1.12109375,3.443359375,-2.7626953125,
0.359,-0.6806640625,3.5234375,-3.283203125,
0.3595,-0.16015625,3.123046875,-3.4833984375,
0.36,0.6005859375,2.5224609375,-3.5634765625,
0.3605,1.521484375,1.841796875,-3.8037109375,
0.361,2.2021484375,1.3212890625,-3.923828125,
0.3615,2.6826171875,0.880859375,-3.923828125,
0.362,2.9228515625,0.48046875,-3.84375,
0.3625,2.8828125,0,-3.2431640625,
0.363,2.9228515625,-0.80078125,-2.6025390625,
0.3635,3.1630859375,-1.6015625,-2.001953125,
0.364,3.283203125,-2.322265625,-1.44140625,
0.3645,3.283203125,-2.7626953125,-1.041015625,
0.365,2.962890625,-2.962890625,-0.5205078125,
0.3655,2.40234375,-3.04296875,0.1201171875,
0.366,1.7216796875,-3.203125,1.0009765625,
0.3665,1.12109375,-3.4033203125,1.76171875,
0.367,0.6806640625,-3.5634765625,2.3623046875,
0.3675,0.3203125,-3.603515625,2.6826171875,
0.368,-0.3203125,-3.0830078125,2.802734375,
0.3685,-1.0009765625,-2.5224609375,2.9228515625,
0.369,-1.8017578125,-1.921875,3.1630859375,
0.3695,-2.4423828125,-1.4013671875,3.283203125,
0.37,-2.8427734375,-1.041015625,3.3232421875,
0.3705,-3.0029296875,-0.640625,3.0830078125,
0.371,-3.0029296875,0,2.5625,
0.3715,-3.123046875,0.720703125,1.921875,
0.372,-3.36328125,1.4814453125,1.4013671875,
0.3725,-3.4833984375,2.162109375,0.880859375,
0.373,-3.5234375,2.6025390625,0.48046875,
0.3735,-3.0830078125,2.72265625,-0.080078125,
0.374,-2.5224609375,2.8828125,-0.80078125,
0.3745,-1.8818359375,3.1630859375,-1.76171875,
0.375,-1.28125,3.36328125,-2.482421875,
0.3755,-0.880859375,3.4833984375,-3.0830078125,
0.376,-0.4404296875,3.36328125,-3.4033203125,
0.3765,0.2802734375,2.802734375,-3.5634765625,
0.377,1.12109375,2.2021484375,-3.7236328125,
0.3775,1.9619140625,1.5615234375,-3.923828125,
0.378,2.5625,1.0810546875,-4.083984375,
0.3785,2.9228515625,0.6806640625,-4.00390625,
0.379,3.0029296875,0.16015625,-3.5634765625,
0.3795,3.04296875,-0.560546875,-2.9228515625,
0.38,3.1630859375,-1.4814453125,-2.2021484375,
0.3805,3.3232421875,-2.2021484375,-1.6416015625,
0.381,3.36328125,-2.7626953125,-1.1611328125,
0.3815,3.283203125,-3.0830078125,-0.720703125,
0.382,2.642578125,-3.0830078125,0,
0.3825,1.921875,-3.283203125,0.880859375,
0.383,1.2412109375,-3.5634765625,1.8017578125,
0.3835,0.7607421875,-3.7236328125,2.3623046875,
0.384,0.3203125,-3.7236328125,2.802734375,
0.3845,-0.2001953125,-3.36328125,2.962890625,
0.385,-1.0009765625,-2.6025390625,3.04296875,
0.3855,-1.8818359375,-1.921875,3.2431640625,
0.386,-2.5224609375,-1.361328125,3.36328125,
0.3865,-2.962890625,-0.9609375,3.4033203125,
0.387,-3.1630859375,-0.6005859375,3.203125,
0.3875,-3.0830078125,0,2.5625,
0.388,-3.1630859375,0.720703125,1.9619140625,
0.3885,-3.36328125,1.5615234375,1.3212890625,
0.389,-3.4833984375,2.2021484375,0.8408203125,
0.3895,-3.4833984375,2.6826171875,0.3603515625,
0.39,-3.203125,2.8427734375,0,
0.3905,-2.5625,2.9228515625,-0.80078125,
0.391,-1.921875,3.1630859375,-1.681640625,
0.3915,-1.28125,3.3232421875,-2.482421875,
0.392,-0.80078125,3.4833984375,-3.0830078125,
0.3925,-0.5205078125,3.3232421875,-3.4833984375,
0.393,0.16015625,2.962890625,-3.5234375,
0.3935,0.9208984375,2.3623046875,-3.7236328125,
0.394,1.8818359375,1.6015625,-3.8837890625,
0.3945,2.4423828125,1.1611328125,-4.00390625,
0.395,2.9228515625,0.6806640625,-4.0439453125,
0.3955,3.04296875,0.3203125,-3.8037109375,
0.396,3.0029296875,-0.3603515625,-3.0830078125,
0.3965,3.1630859375,-1.1611328125,-2.482421875,
0.397,3.3232421875,-2.001953125,-1.8017578125,
0.3975,3.443359375,-2.642578125,-1.28125,
0.398,3.36328125,-3.04296875,-0.8408203125,
0.3985,2.9228515625,-3.1630859375,-0.3203125,
0.399,2.2421875,-3.2431640625,0.5205078125,
0.3995,1.4814453125,-3.5634765625,1.521484375,
0.4,0.9609375,-3.68359375,2.2021484375,
0.4005,0.3603515625,-3.84375,2.802734375,
0.401,0.0400390625,-3.5634765625,3.0029296875,
0.4015,-0.6806640625,-2.8427734375,3.0029296875,
0.402,-1.4814453125,-2.2421875,3.1630859375,
0.4025,-2.40234375,-1.5615234375,3.36328125,
0.403,-2.8427734375,-1.1611328125,3.443359375,
0.4035,-3.123046875,-0.720703125,3.283203125,
0.404,-3.1630859375,-0.2802734375,2.8828125,
0.4045,-3.123046875,0.48046875,2.2021484375,
0.405,-3.283203125,1.28125,1.5615234375,
0.4055,-3.4033203125,1.9619140625,1.0009765625,
0.406,-3.5634765625,2.5625,0.560546875,
0.4065,-3.3232421875,2.802734375,0.1201171875,
0.407,-2.7626953125,2.8427734375,-0.5205078125,
0.4075,-2.162109375,3.04296875,-1.3212890625,
0.408,-1.44140625,3.283203125,-2.2822265625,
0.4085,-1.0009765625,3.36328125,-2.8427734375,
0.409,-0.6005859375,3.4833984375,-3.36328125,
0.4095,-0.1201171875,3.1630859375,-3.5234375,
0.41,0.6806640625,2.482421875,-3.5634765625,
0.4105,1.4814453125,1.921875,-3.8037109375,
0.411,2.2421875,1.28125,-3.923828125,
0.4115,2.72265625,0.9208984375,-4.0439453125,
0.412,2.9228515625,0.48046875,-3.8037109375,
0.4125,2.9228515625,0,-3.3232421875,
0.413,3.04296875,-0.7607421875,-2.72265625,
0.4135,3.203125,-1.6416015625,-2.001953125,
0.414,3.3232421875,-2.2822265625,-1.521484375,
0.4145,3.36328125,-2.8828125,-1.041015625,
0.415,3.123046875,-3.04296875,-0.640625,
0.4155,2.4423828125,-3.123046875,0.1201171875,
0.416,1.8818359375,-3.36328125,0.9609375,
0.4165,1.1611328125,-3.5634765625,1.841796875,
0.417,0.7607421875,-3.68359375,2.40234375,
0.4175,0.2802734375,-3.5634765625,2.7626953125,
0.418,-0.2802734375,-3.203125,2.8828125,
0.4185,-1.0810546875,-2.5224609375,3.0029296875,
0.419,-1.8818359375,-1.921875,3.2431640625,
0.4195,-2.482421875,-1.4013671875,3.3232421875,
0.42,-2.9228515625,-1.041015625,3.443359375,
0.4205,-3.0029296875,-0.640625,3.0830078125,
0.421,-3.0029296875,0.0400390625,2.482421875,
0.4215,-3.1630859375,0.7607421875,1.921875,
0.422,-3.36328125,1.6015625,1.3212890625,
0.4225,-3.443359375,2.162109375,0.880859375,
0.423,-3.4033203125,2.5625,0.400390625,
0.4235,-3.0830078125,2.6826171875,-0.1201171875,
0.424,-2.3623046875,2.802734375,-0.9208984375,
0.4245,-1.841796875,3.0830078125,-1.76171875,
0.425,-1.28125,3.283203125,-2.4423828125,
0.4255,-0.880859375,3.443359375,-3.0029296875,
0.426,-0.400390625,3.2431640625,-3.283203125,
0.4265,0.2001953125,2.7626953125,-3.36328125,
0.427,1.0009765625,2.2021484375,-3.5634765625,
0.4275,1.76171875,1.5615234375,-3.8037109375,
0.428,2.2822265625,1.1611328125,-3.8837890625,
0.4285,2.6826171875,0.7607421875,-3.8837890625,
0.429,2.802734375,0.3203125,-3.5634765625,
0.4295,2.802734375,-0.3203125,-2.9228515625,
0.43,3.04296875,-1.12109375,-2.40234375,
0.4305,3.1630859375,-1.921875,-1.8017578125,
0.431,3.283203125,-2.4423828125,-1.361328125,
0.4315,3.1630859375,-2.8427734375,-0.9208984375,
0.432,2.7626953125,-2.962890625,-0.3603515625,
0.4325,2.08203125,-3.1630859375,0.48046875,
0.433,1.521484375,-3.36328125,1.3212890625,
0.4335,0.9609375,-3.5234375,1.9619140625,
0.434,0.6005859375,-3.6435546875,2.5224609375,
0.4345,0.1201171875,-3.3232421875,2.6826171875,
0.435,-0.6005859375,-2.72265625,2.802734375,
0.4355,-1.361328125,-2.2421875,3.04296875,
0.436,-2.1220703125,-1.6416015625,3.2431640625,
0.4365,-2.5625,-1.28125,3.3232421875,
0.437,-2.8427734375,-0.8408203125,3.1630859375,
0.4375,-2.8828125,-0.400390625,2.72265625,
0.438,-2.962890625,0.3203125,2.162109375,
0.4385,-3.203125,1.0810546875,1.6416015625,
0.439,-3.3232421875,1.76171875,1.12109375,
0.4395,-3.4033203125,2.2421875,0.6806640625,
0.44,-3.123046875,2.482421875,0.240234375,
0.4405,-2.6826171875,2.5625,-0.4404296875,
0.441,-2.1220703125,2.8828125,-1.2412109375,
0.4415,-1.5615234375,3.123046875,-2.001953125,
0.442,-1.1611328125,3.2431640625,-2.5625,
0.4425,-0.720703125,3.3232421875,-3.0029296875,
0.443,-0.240234375,2.962890625,-3.203125,
0.4435,0.5205078125,2.40234375,-3.283203125,
0.444,1.28125,1.921875,-3.603515625,
0.4445,1.921875,1.4013671875,-3.763671875,
0.445,2.3623046875,1.0810546875,-3.8837890625,
0.4455,2.5625,0.640625,-3.603515625,
0.446,2.642578125,0.1201171875,-3.203125,
0.4465,2.8427734375,-0.640625,-2.6826171875,
0.447,3.04296875,-1.361328125,-2.08203125,
0.4475,3.1630859375,-2.0419921875,-1.681640625,
0.448,3.203125,-2.5625,-1.2412109375,
0.4485,2.8828125,-2.7626953125,-0.7607421875,
0.449,2.3623046875,-2.8828125,0,
0.4495,1.8818359375,-3.203125,0.80078125,
0.45,1.28125,-3.4033203125,1.5615234375,
0.4505,0.9208984375,-3.5634765625,2.1220703125,
0.451,0.4404296875,-3.443359375,2.482421875,
0.4515,-0.16015625,-3.04296875,2.642578125,
0.452,-0.9609375,-2.4423828125,2.8828125,
0.4525,-1.681640625,-1.9619140625,3.123046875,
0.453,-2.2822265625,-1.4814453125,3.2431640625,
0.4535,-2.6826171875,-1.1611328125,3.283203125,
0.454,-2.7626953125,-0.6806640625,2.9228515625,
0.4545,-2.8427734375,-0.080078125,2.40234375,
0.455,-3.0830078125,0.720703125,1.921875,
0.4555,-3.283203125,1.44140625,1.3212890625,
0.456,-3.36328125,1.9619140625,0.9208984375,
0.4565,-3.283203125,2.3623046875,0.4404296875,
0.457,-2.8828125,2.5224609375,-0.1201171875,
0.4575,-2.2822265625,2.72265625,-0.9208984375,
0.458,-1.76171875,3.04296875,-1.7216796875,
0.4585,-1.28125,3.203125,-2.3623046875,
0.459,-0.9609375,3.36328125,-2.8828125,
0.4595,-0.4404296875,3.04296875,-3.0830078125,
0.46,0.240234375,2.5625,-3.203125,
0.4605,1.041015625,2.001953125,-3.4833984375,
0.461,1.681640625,1.5615234375,-3.6435546875,
0.4615,2.162109375,1.201171875,-3.7236328125,
0.462,2.482421875,0.80078125,-3.68359375,
0.4625,2.5224609375,0.3203125,-3.283203125,
0.463,2.642578125,-0.3203125,-2.7626953125,
0.4635,2.8828125,-1.12109375,-2.2822265625,
0.464,3.0830078125,-1.8017578125,-1.8017578125,
0.4645,3.1630859375,-2.322265625,-1.44140625,
0.465,2.9228515625,-2.5625,-0.9609375,
0.4655,2.5625,-2.72265625,-0.3603515625,
0.466,2.0419921875,-2.962890625,0.4404296875,
0.4665,1.5615234375,-3.203125,1.201171875,
0.467,1.12109375,-3.4033203125,1.8017578125,
0.4675,0.720703125,-3.4833984375,2.2822265625,
0.468,0.2001953125,-3.1630859375,2.482421875,
0.4685,-0.5205078125,-2.72265625,2.6826171875,
0.469,-1.28125,-2.2421875,2.962890625,
0.4695,-1.9619140625,-1.76171875,3.1630859375,
0.47,-2.4423828125,-1.4013671875,3.283203125,
0.4705,-2.642578125,-0.9609375,3.0830078125,
0.471,-2.7626953125,-0.400390625,2.642578125,
0.4715,-2.962890625,0.2802734375,2.162109375,
0.472,-3.203125,1.041015625,1.6416015625,
0.4725,-3.36328125,1.681640625,1.1611328125,
0.473,-3.4033203125,2.2421875,0.7607421875,
0.4735,-3.0830078125,2.40234375,0.2001953125,
0.474,-2.5625,2.642578125,-0.5205078125,
0.4745,-2.001953125,3.04296875,-1.4013671875,
0.475,-1.5615234375,3.1630859375,-2.1220703125,
0.4755,-1.0810546875,3.36328125,-2.72265625,
0.476,-0.640625,3.283203125,-3.0830078125,
0.4765,0,2.802734375,-3.203125,
0.477,0.80078125,2.2421875,-3.443359375,
0.4775,1.5615234375,1.7216796875,-3.68359375,
0.478,2.2021484375,1.2412109375,-3.8037109375,
0.4785,2.5224609375,0.9208984375,-3.84375,
0.479,2.6025390625,0.400390625,-3.4033203125,
0.4795,2.6826171875,-0.2802734375,-2.9228515625,
0.48,2.9228515625,-1.0810546875,-2.322265625,
0.4805,3.04296875,-1.8017578125,-1.8818359375,
0.481,3.1630859375,-2.2822265625,-1.4013671875,
0.4815,3.123046875,-2.642578125,-1.0009765625,
0.482,2.6025390625,-2.72265625,-0.400390625,
0.4825,2.0419921875,-2.962890625,0.400390625,
0.483,1.521484375,-3.203125,1.201171875,
0.4835,1.0810546875,-3.4033203125,1.841796875,
0.484,0.6806640625,-3.5234375,2.2822265625,
0.4845,0.2001953125,-3.203125,2.5224609375,
0.485,-0.48046875,-2.7626953125,2.6826171875,
0.4855,-1.28125,-2.2021484375,2.9228515625,
0.486,-1.921875,-1.76171875,3.123046875,
0.4865,-2.4423828125,-1.3212890625,3.203125,
0.487,-2.72265625,-1.0009765625,3.1630859375,
0.4875,-2.7626953125,-0.5205078125,2.6826171875,
0.488,-2.8828125,0.16015625,2.2021484375,
0.4885,-3.203125,0.9208984375,1.681640625,
0.489,-3.3232421875,1.6416015625,1.2412109375,
0.4895,-3.4033203125,2.162109375,0.80078125,
0.49,-3.203125,2.4423828125,0.3203125,
0.4905,-2.72265625,2.6025390625,-0.3203125,
0.491,-2.162109375,2.8828125,-1.1611328125,
0.4915,-1.6416015625,3.1630859375,-1.9619140625,
0.492,-1.201171875,3.3232421875,-2.5625,
0.4925,-0.80078125,3.4033203125,-3.0029296875,
0.493,-0.2802734375,3.0029296875,-3.1630859375,
0.4935,0.5205078125,2.482421875,-3.36328125,
0.494,1.4013671875,1.8818359375,-3.68359375,
0.4945,1.9619140625,1.4013671875,-3.8037109375,
0.495,2.4423828125,1.0009765625,-3.8837890625,
0.4955,2.642578125,0.560546875,-3.68359375,
0.496,2.72265625,0,-3.123046875,
0.4965,2.8427734375,-0.8408203125,-2.5625,
0.497,3.123046875,-1.6015625,-2.001953125,
0.4975,3.2431640625,-2.2421875,-1.5615234375,
0.498,3.203125,-2.642578125,-1.1611328125,
0.4985,2.8427734375,-2.802734375,-0.560546875,
0.499,2.2822265625,-2.962890625,0.16015625,
0.4995,1.6416015625,-3.2431640625,1.12109375,
0.5,1.1611328125,-3.4033203125,1.76171875,
0.5005,0.720703125,-3.5634765625,2.322265625,
0.501,0.2802734375,-3.443359375,2.6025390625,
0.5015,-0.400390625,-2.8427734375,2.6826171875,
0.502,-1.1611328125,-2.2822265625,2.9228515625,
0.5025,-1.9619140625,-1.7216796875,3.1630859375,
0.503,-2.5224609375,-1.3212890625,3.283203125,
0.5035,-2.7626953125,-1.0009765625,3.1630859375,
0.504,-2.8828125,-0.5205078125,2.802734375,
0.5045,-2.9228515625,0.1201171875,2.2421875,
0.505,-3.123046875,0.9609375,1.6416015625,
0.5055,-3.283203125,1.6015625,1.2412109375,
0.506,-3.4033203125,2.2421875,0.7607421875,
0.5065,-3.283203125,2.5224609375,0.3203125,
0.507,-2.7626953125,2.6025390625,-0.3203125,
0.5075,-2.2421875,2.8427734375,-1.041015625,
0.508,-1.6015625,3.123046875,-1.9619140625,
0.5085,-1.201171875,3.283203125,-2.5224609375,
0.509,-0.80078125,3.36328125,-3.0029296875,
0.5095,-0.3203125,3.123046875,-3.203125,
0.51,0.4404296875,2.5224609375,-3.36328125,
0.5105,1.2412109375,1.9619140625,-3.603515625,
0.511,1.921875,1.44140625,-3.763671875,
0.5115,2.4423828125,1.0009765625,-3.8837890625,
0.512,2.6826171875,0.640625,-3.8037109375,
0.5125,2.6826171875,0.080078125,-3.283203125,
0.513,2.8427734375,-0.560546875,-2.7626953125,
0.5135,3.123046875,-1.44140625,-2.1220703125,
0.514,3.203125,-2.08203125,-1.681640625,
0.5145,3.283203125,-2.6025390625,-1.2412109375,
0.515,3.0830078125,-2.8427734375,-0.720703125,
0.5155,2.482421875,-2.9228515625,0,
0.516,1.921875,-3.203125,0.8408203125,
0.5165,1.28125,-3.4033203125,1.6416015625,
0.517,0.880859375,-3.6435546875,2.2421875,
0.5175,0.4404296875,-3.5634765625,2.6025390625,
0.518,-0.16015625,-3.0830078125,2.72265625,
0.5185,-1.0009765625,-2.5625,2.962890625,
0.519,-1.8818359375,-1.921875,3.203125,
0.5195,-2.40234375,-1.4814453125,3.283203125,
0.52,-2.8828125,-1.0810546875,3.36328125,
0.5205,-3.0029296875,-0.6806640625,3.04296875,
0.521,-2.9228515625,0.0400390625,2.40234375,
0.5215,-3.1630859375,0.80078125,1.921875,
0.522,-3.36328125,1.6416015625,1.28125,
0.5225,-3.4833984375,2.2021484375,0.8408203125,
0.523,-3.36328125,2.5625,0.400390625,
0.5235,-2.962890625,2.6826171875,-0.16015625,
0.524,-2.322265625,2.8427734375,-1.0009765625,
0.5245,-1.681640625,3.1630859375,-1.8818359375,
0.525,-1.201171875,3.283203125,-2.5625,
0.5255,-0.80078125,3.4833984375,-3.0830078125,
0.526,-0.3203125,3.2431640625,-3.36328125,
0.5265,0.3603515625,2.6025390625,-3.4033203125,
0.527,1.201171875,2.0419921875,-3.68359375,
0.5275,2.0419921875,1.4013671875,-3.8837890625,
0.528,2.5224609375,1.0009765625,-3.923828125,
0.5285,2.802734375,0.560546875,-3.84375,
0.529,2.8828125,0.16015625,-3.4833984375,
0.5295,2.8828125,-0.560546875,-2.7626953125,
0.53,3.0830078125,-1.361328125,-2.162109375,
0.5305,3.203125,-2.08203125,-1.6015625,
0.531,3.3232421875,-2.642578125,-1.201171875,
0.5315,3.123046875,-2.8828125,-0.7607421875,
0.532,2.6025390625,-2.962890625,-0.16015625,
0.5325,1.9619140625,-3.203125,0.6806640625,
0.533,1.3212890625,-3.4033203125,1.6015625,
0.5335,0.8408203125,-3.5634765625,2.162109375,
0.534,0.4404296875,-3.603515625,2.6826171875,
0.5345,0,-3.283203125,2.802734375,
0.535,-0.8408203125,-2.6025390625,2.8828125,
0.5355,-1.6015625,-2.08203125,3.1630859375,
0.536,-2.3623046875,-1.521484375,3.283203125,
0.5365,-2.8427734375,-1.201171875,3.36328125,
0.537,-2.962890625,-0.6806640625,3.1630859375,
0.5375,-2.962890625,-0.2001953125,2.6826171875,
0.538,-3.0830078125,0.560546875,2.0419921875,
0.5385,-3.283203125,1.4013671875,1.44140625,
0.539,-3.4033203125,2.001953125,0.9609375,
0.5395,-3.5234375,2.5224609375,0.560546875,
0.54,-3.1630859375,2.6826171875,0.0400390625,
0.5405,-2.5625,2.802734375,-0.640625,
0.541,-1.9619140625,3.123046875,-1.5615234375,
0.5415,-1.361328125,3.3232421875,-2.40234375,
0.542,-1.0009765625,3.443359375,-2.9228515625,
0.5425,-0.5205078125,3.3232421875,-3.283203125,
0.543,0.080078125,2.9228515625,-3.443359375,
0.5435,0.9208984375,2.2021484375,-3.603515625,
0.544,1.76171875,1.6416015625,-3.84375,
0.5445,2.322265625,1.12109375,-3.923828125,
0.545,2.8427734375,0.80078125,-4.00390625,
0.5455,2.8828125,0.3203125,-3.6435546875,
0.546,2.8828125,-0.3203125,-3.0029296875,
0.5465,3.0830078125,-1.0810546875,-2.4423828125,
0.547,3.2431640625,-1.9619140625,-1.8017578125,
0.5475,3.3232421875,-2.5224609375,-1.3212890625,
0.548,3.283203125,-2.9228515625,-0.8408203125,
0.5485,2.8427734375,-3.04296875,-0.3603515625,
0.549,2.1220703125,-3.123046875,0.48046875,
0.5495,1.521484375,-3.4033203125,1.4013671875,
0.55,0.9208984375,-3.5634765625,2.1220703125,
0.5505,0.560546875,-3.68359375,2.6025390625,
0.551,0.0400390625,-3.36328125,2.8427734375,
0.5515,-0.640625,-2.8427734375,2.9228515625,
0.552,-1.521484375,-2.2021484375,3.123046875,
0.5525,-2.2421875,-1.6416015625,3.283203125,
0.553,-2.72265625,-1.1611328125,3.3232421875,
0.5535,-3.04296875,-0.80078125,3.283203125,
0.554,-3.04296875,-0.3203125,2.8427734375,
0.5545,-3.04296875,0.3603515625,2.162109375,
0.555,-3.2431640625,1.1611328125,1.6416015625,
0.5555,-3.4033203125,1.921875,1.041015625,
0.556,-3.4833984375,2.40234375,0.640625,
0.5565,-3.203125,2.6826171875,0.1201171875,
0.557,-2.7626953125,2.802734375,-0.4404296875,
0.5575,-2.08203125,2.962890625,-1.3212890625,
0.558,-1.521484375,3.203125,-2.1220703125,
0.5585,-1.041015625,3.3232421875,-2.7626953125,
0.559,-0.6806640625,3.4833984375,-3.203125,
0.5595,-0.16015625,3.04296875,-3.36328125,
0.56,0.6005859375,2.4423828125,-3.5234375,
0.5605,1.4814453125,1.841796875,-3.8037109375,
0.561,2.2021484375,1.3212890625,-3.923828125,
0.5615,2.642578125,0.9609375,-3.9638671875,
0.562,2.8828125,0.48046875,-3.8037109375,
0.5625,2.9228515625,0,-3.283203125,
0.563,3.0029296875,-0.8408203125,-2.6025390625,
0.5635,3.203125,-1.681640625,-2.0419921875,
0.564,3.3232421875,-2.40234375,-1.44140625,
0.5645,3.443359375,-2.8828125,-1.041015625,
0.565,3.0029296875,-3.04296875,-0.5205078125,
0.5655,2.40234375,-3.1630859375,0.240234375,
0.566,1.681640625,-3.4033203125,1.201171875,
0.5665,1.12109375,-3.5634765625,1.9619140625,
0.567,0.6005859375,-3.68359375,2.5224609375,
0.5675,0.2001953125,-3.68359375,2.8828125,
0.568,-0.5205078125,-3.0830078125,3.0029296875,
0.5685,-1.3212890625,-2.40234375,3.123046875,
0.569,-2.162109375,-1.7216796875,3.3232421875,
0.5695,-2.7626953125,-1.2412109375,3.443359375,
0.57,-3.0830078125,-0.8408203125,3.4033203125,
0.5705,-3.1630859375,-0.3603515625,2.962890625,
0.571,-3.1630859375,0.3203125,2.3623046875,
0.5715,-3.283203125,1.201171875,1.6015625,
0.572,-3.4033203125,1.921875,1.12109375,
0.5725,-3.4833984375,2.482421875,0.6005859375,
0.573,-3.443359375,2.8427734375,0.2001953125,
0.5735,-2.8828125,2.8427734375,-0.4404296875,
0.574,-2.2021484375,3.04296875,-1.28125,
0.5745,-1.4814453125,3.283203125,-2.2021484375,
0.575,-1.0009765625,3.4033203125,-2.8427734375,
0.5755,-0.6005859375,3.443359375,-3.283203125,
0.576,-0.16015625,3.203125,-3.5634765625,
0.5765,0.6005859375,2.5224609375,-3.603515625,
0.577,1.4814453125,1.8818359375,-3.8037109375,
0.5775,2.2421875,1.3212890625,-3.923828125,
0.578,2.7626953125,0.8408203125,-4.00390625,
0.5785,3.04296875,0.48046875,-3.923828125,
0.579,3.0029296875,0,-3.36328125,
0.5795,3.04296875,-0.720703125,-2.802734375,
0.58,3.2431640625,-1.6416015625,-2.0419921875,
0.5805,3.36328125,-2.3623046875,-1.521484375,
0.581,3.4033203125,-2.8828125,-1.041015625,
0.5815,3.203125,-3.203125,-0.6005859375,
0.582,2.6025390625,-3.203125,0.1201171875,
0.5825,1.8818359375,-3.36328125,1.0009765625,
0.583,1.201171875,-3.603515625,1.921875,
0.5835,0.6806640625,-3.8037109375,2.5625,
0.584,0.2802734375,-3.8037109375,2.9228515625,
0.5845,-0.3603515625,-3.3232421875,3.04296875,
0.585,-1.12109375,-2.6025390625,3.1630859375,
0.5855,-2.1220703125,-1.841796875,3.443359375,
0.586,-2.72265625,-1.3212890625,3.5234375,
0.5865,-3.1630859375,-0.8408203125,3.4833984375,
0.587,-3.3232421875,-0.5205078125,3.2431640625,
0.5875,-3.203125,0.16015625,2.5625,
0.588,-3.283203125,0.9609375,1.921875,
0.5885,-3.4833984375,1.841796875,1.2412109375,
0.589,-3.5634765625,2.4423828125,0.720703125,
0.5895,-3.5234375,2.8427734375,0.2802734375,
0.59,-3.123046875,2.962890625,-0.2802734375,
0.5905,-2.4423828125,3.04296875,-1.041015625,
0.591,-1.681640625,3.2431640625,-2.001953125,
0.5915,-1.12109375,3.3232421875,-2.6826171875,
0.592,-0.6806640625,3.443359375,-3.203125,
0.5925,-0.3203125,3.3232421875,-3.5634765625,
0.593,0.3603515625,2.7626953125,-3.5234375,
0.5935,1.1611328125,2.162109375,-3.7236328125,
0.594,2.0419921875,1.44140625,-3.923828125,
0.5945,2.5625,1.0009765625,-3.9638671875,
0.595,2.9228515625,0.6005859375,-3.8837890625,
0.5955,3.0029296875,0.240234375,-3.603515625,
0.596,2.9228515625,-0.48046875,-2.962890625,
0.5965,3.0830078125,-1.28125,-2.2822265625,
0.597,3.2431640625,-2.001953125,-1.7216796875,
0.5975,3.36328125,-2.642578125,-1.2412109375,
0.598,3.3232421875,-3.0029296875,-0.8408203125,
0.5985,2.8427734375,-3.0830078125,-0.2802734375,
0.599,2.2421875,-3.2431640625,0.5205078125,
0.5995,1.44140625,-3.5634765625,1.521484375,
0.6,0.9609375,-3.6435546875,2.1220703125,
0.6005,0.48046875,-3.8037109375,2.6826171875,
0.601,0.080078125,-3.5634765625,2.9228515625,
0.6015,-0.640625,-2.8828125,2.962890625,
0.602,-1.4814453125,-2.2822265625,3.203125,
0.6025,-2.322265625,-1.6015625,3.4033203125,
0.603,-2.8427734375,-1.201171875,3.5234375,
0.6035,-3.0830078125,-0.80078125,3.3232421875,
0.604,-3.123046875,-0.3203125,2.8828125,
0.6045,-3.203125,0.4404296875,2.2421875,
0.605,-3.36328125,1.28125,1.5615234375,
0.6055,-3.4833984375,1.9619140625,1.041015625,
0.606,-3.5634765625,2.5625,0.560546875,
0.6065,-3.283203125,2.7626953125,0.16015625,
0.607,-2.72265625,2.8427734375,-0.48046875,
0.6075,-2.1220703125,3.04296875,-1.4013671875,
0.608,-1.44140625,3.2431640625,-2.2822265625,
0.6085,-1.0009765625,3.4033203125,-2.8427734375,
0.609,-0.6005859375,3.4033203125,-3.2431640625,
0.6095,-0.080078125,3.04296875,-3.4033203125,
0.61,0.720703125,2.40234375,-3.5234375,
0.6105,1.521484375,1.8017578125,-3.7236328125,
0.611,2.2021484375,1.28125,-3.84375,
0.6115,2.642578125,0.880859375,-3.923828125,
0.612,2.7626953125,0.5205078125,-3.7236328125,
0.6125,2.7626953125,0,-3.1630859375,
0.613,2.9228515625,-0.720703125,-2.642578125,
0.6135,3.0830078125,-1.6015625,-1.9619140625,
0.614,3.203125,-2.162109375,-1.5615234375,
0.6145,3.2431640625,-2.6826171875,-1.12109375,
0.615,2.9228515625,-2.9228515625,-0.6005859375,
0.6155,2.40234375,-2.962890625,0,
0.616,1.841796875,-3.2431640625,0.880859375,
0.6165,1.2412109375,-3.4033203125,1.6416015625,
0.617,0.8408203125,-3.603515625,2.2421875,
0.6175,0.4404296875,-3.5234375,2.5625,
0.618,-0.16015625,-3.1630859375,2.72265625,
0.6185,-0.9208984375,-2.6025390625,2.962890625,
0.619,-1.76171875,-1.9619140625,3.1630859375,
0.6195,-2.3623046875,-1.521484375,3.3232421875,
0.62,-2.8427734375,-1.12109375,3.4033203125,
0.6205,-2.962890625,-0.6806640625,3.123046875,
0.621,-2.962890625,0,2.5224609375,
0.6215,-3.203125,0.6806640625,2.001953125,
0.622,-3.4033203125,1.5615234375,1.4013671875,
0.6225,-3.4833984375,2.162109375,0.9609375,
0.623,-3.4833984375,2.482421875,0.4404296875,
0.6235,-3.04296875,2.6826171875,-0.080078125,
0.624,-2.40234375,2.8427734375,-0.9208984375,
0.6245,-1.8017578125,3.1630859375,-1.8017578125,
0.625,-1.28125,3.283203125,-2.4423828125,
0.6255,-0.880859375,3.4833984375,-3.04296875,
0.626,-0.3603515625,3.203125,-3.2431640625,
0.6265,0.2802734375,2.642578125,-3.36328125,
0.627,1.12109375,2.08203125,-3.603515625,
0.6275,1.921875,1.521484375,-3.8037109375,
0.628,2.3623046875,1.12109375,-3.84375,
0.6285,2.6826171875,0.6806640625,-3.763671875,
0.629,2.72265625,0.2802734375,-3.4033203125,
0.6295,2.72265625,-0.4404296875,-2.7626953125,
0.63,2.962890625,-1.201171875,-2.2421875,
0.6305,3.123046875,-1.8818359375,-1.7216796875,
0.631,3.203125,-2.5224609375,-1.3212890625,
0.6315,3.0029296875,-2.6826171875,-0.9208984375,
0.632,2.5625,-2.802734375,-0.3203125,
0.6325,2.0419921875,-3.0029296875,0.48046875,
0.633,1.4013671875,-3.2431640625,1.28125,
0.6335,1.0009765625,-3.36328125,1.8818359375,
0.634,0.6005859375,-3.4833984375,2.3623046875,
0.6345,0.16015625,-3.2431640625,2.5224609375,
0.635,-0.5205078125,-2.6826171875,2.6826171875,
0.6355,-1.2412109375,-2.2822265625,2.962890625,
0.636,-1.9619140625,-1.7216796875,3.123046875,
0.6365,-2.4423828125,-1.4013671875,3.2431640625,
0.637,-2.642578125,-1.0009765625,3.123046875,
0.6375,-2.7626953125,-0.5205078125,2.72265625,
0.638,-2.9228515625,0.16015625,2.2421875,
0.6385,-3.1630859375,0.9609375,1.76171875,
0.639,-3.283203125,1.5615234375,1.28125,
0.6395,-3.4033203125,2.162109375,0.80078125,
0.64,-3.203125,2.3623046875,0.3603515625,
0.6405,-2.72265625,2.5625,-0.3203125,
0.641,-2.2421875,2.8828125,-1.12109375,
0.6415,-1.6416015625,3.1630859375,-1.9619140625,
0.642,-1.28125,3.3232421875,-2.5224609375,
0.6425,-0.80078125,3.3232421875,-2.9228515625,
0.643,-0.2802734375,3.0029296875,-3.1630859375,
0.6435,0.560546875,2.4423828125,-3.36328125,
0.644,1.3212890625,1.921875,-3.6435546875,
0.6445,1.9619140625,1.4013671875,-3.8037109375,
0.645,2.482421875,1.0810546875,-3.923828125,
0.6455,2.5625,0.6005859375,-3.603515625,
0.646,2.642578125,0,-3.0830078125,
0.6465,2.8828125,-0.720703125,-2.6025390625,
0.647,3.0830078125,-1.5615234375,-2.001953125,
0.6475,3.1630859375,-2.1220703125,-1.6015625,
0.648,3.1630859375,-2.6025390625,-1.1611328125,
0.6485,2.802734375,-2.72265625,-0.640625,
0.649,2.2021484375,-2.8828125,0.16015625,
0.6495,1.6416015625,-3.203125,0.9609375,
0.65,1.1611328125,-3.36328125,1.6416015625,
0.6505,0.80078125,-3.5234375,2.2021484375,
0.651,0.3203125,-3.283203125,2.4423828125,
0.6515,-0.2802734375,-2.8427734375,2.5625,
0.652,-1.041015625,-2.322265625,2.8427734375,
0.6525,-1.76171875,-1.841796875,3.04296875,
0.653,-2.2421875,-1.44140625,3.1630859375,
0.6535,-2.6025390625,-1.0810546875,3.1630859375,
0.654,-2.642578125,-0.640625,2.802734375,
0.6545,-2.7626953125,0,2.2822265625,
0.655,-3.04296875,0.640625,1.8818359375,
0.6555,-3.203125,1.3212890625,1.3212890625,
0.656,-3.3232421875,1.921875,0.9609375,
0.6565,-3.203125,2.2421875,0.5205078125,
0.657,-2.8427734375,2.482421875,0,
0.6575,-2.322265625,2.72265625,-0.80078125,
0.658,-1.841796875,2.962890625,-1.6015625,
0.6585,-1.4013671875,3.1630859375,-2.2021484375,
0.659,-1.0009765625,3.3232421875,-2.7626953125,
0.6595,-0.5205078125,3.04296875,-3.0029296875,
0.66,0.1201171875,2.6025390625,-3.203125,
0.6605,0.9609375,2.162109375,-3.5234375,
0.661,1.6416015625,1.6416015625,-3.7236328125,
0.6615,2.162109375,1.28125,-3.84375,
0.662,2.482421875,0.8408203125,-3.7236328125,
0.6625,2.6025390625,0.3203125,-3.36328125,
0.663,2.7626953125,-0.400390625,-2.802734375,
0.6635,3.0029296875,-1.2412109375,-2.322265625,
0.664,3.283203125,-1.8017578125,-1.8818359375,
0.6645,3.283203125,-2.4423828125,-1.4013671875,
0.665,3.0029296875,-2.6025390625,-0.9208984375,
0.6655,2.5224609375,-2.8427734375,-0.2001953125,
0.666,1.9619140625,-3.1630859375,0.6806640625,
0.6665,1.4013671875,-3.36328125,1.44140625,
0.667,0.9609375,-3.5634765625,2.0419921875,
0.6675,0.560546875,-3.5234375,2.482421875,
0.668,-0.080078125,-3.0830078125,2.6025390625,
0.6685,-0.880859375,-2.482421875,2.8427734375,
0.669,-1.681640625,-1.9619140625,3.0830078125,
0.6695,-2.2822265625,-1.4814453125,3.203125,
0.67,-2.642578125,-1.1611328125,3.283203125,
0.6705,-2.7626953125,-0.6806640625,2.9228515625,
0.671,-2.8427734375,-0.1201171875,2.40234375,
0.6715,-3.0029296875,0.6806640625,1.841796875,
0.672,-3.1630859375,1.4013671875,1.28125,
0.6725,-3.3232421875,1.9619140625,0.9208984375,
0.673,-3.283203125,2.40234375,0.48046875,
0.6735,-2.8828125,2.482421875,0,
0.674,-2.2822265625,2.6826171875,-0.80078125,
0.6745,-1.76171875,2.962890625,-1.6416015625,
0.675,-1.28125,3.1630859375,-2.2822265625,
0.6755,-0.9609375,3.283203125,-2.7626953125,
0.676,-0.48046875,3.0830078125,-3.04296875,
0.6765,0.16015625,2.642578125,-3.203125,
0.677,0.9609375,2.08203125,-3.443359375,
0.6775,1.6015625,1.6015625,-3.6435546875,
0.678,2.2021484375,1.201171875,-3.763671875,
0.6785,2.5224609375,0.880859375,-3.8037109375,
0.679,2.5625,0.3603515625,-3.36328125,
0.6795,2.6826171875,-0.3203125,-2.8828125,
0.68,2.962890625,-1.041015625,-2.4423828125,
0.6805,3.123046875,-1.76171875,-1.8818359375,
0.681,3.203125,-2.2822265625,-1.4814453125,
0.6815,3.0830078125,-2.642578125,-1.0009765625,
0.682,2.6826171875,-2.802734375,-0.400390625,
0.6825,2.08203125,-3.04296875,0.4404296875,
0.683,1.5615234375,-3.283203125,1.2412109375,
0.6835,1.0810546875,-3.5234375,1.921875,
0.684,0.720703125,-3.603515625,2.40234375,
0.6845,0.16015625,-3.2431640625,2.5625,
0.685,-0.560546875,-2.7626953125,2.802734375,
0.6855,-1.44140625,-2.2021484375,3.04296875,
0.686,-2.08203125,-1.681640625,3.2431640625,
0.6865,-2.5625,-1.28125,3.3232421875,
0.687,-2.8427734375,-0.9208984375,3.1630859375,
0.6875,-2.8828125,-0.3203125,2.642578125,
0.688,-3.04296875,0.4404296875,2.0419921875,
0.6885,-3.2431640625,1.28125,1.5615234375,
0.689,-3.4033203125,1.921875,1.041015625,
0.6895,-3.443359375,2.3623046875,0.640625,
0.69,-3.0830078125,2.5224609375,0.1201171875,
0.6905,-2.5625,2.72265625,-0.640625,
0.691,-1.921875,3.0029296875,-1.5615234375,
0.6915,-1.4013671875,3.203125,-2.2822265625,
0.692,-0.9609375,3.36328125,-2.8427734375,
0.6925,-0.560546875,3.3232421875,-3.1630859375,
0.693,0.080078125,2.7626953125,-3.2431640625,
0.6935,0.880859375,2.2021484375,-3.4833984375,
0.694,1.681640625,1.6015625,-3.7236328125,
0.6945,2.2421875,1.201171875,-3.84375,
0.695,2.5625,0.7607421875,-3.8037109375,
0.6955,2.6826171875,0.3603515625,-3.4833984375,
0.696,2.72265625,-0.2802734375,-2.962890625,
0.6965,2.8828125,-1.041015625,-2.3623046875,
0.697,3.0830078125,-1.7216796875,-1.8818359375,
0.6975,3.1630859375,-2.322265625,-1.4013671875,
0.698,3.1630859375,-2.72265625,-1.0009765625,
0.6985,2.6826171875,-2.7626953125,-0.48046875,
0.699,2.2021484375,-2.962890625,0.2802734375,
0.6995,1.5615234375,-3.2431640625,1.201171875,
0.7,1.12109375,-3.4033203125,1.841796875,
0.7005,0.6806640625,-3.5634765625,2.322265625,
0.701,0.2802734375,-3.36328125,2.5625,
0.7015,-0.4404296875,-2.8828125,2.72265625,
0.702,-1.2412109375,-2.2822265625,2.962890625,
0.7025,-1.9619140625,-1.8017578125,3.1630859375,
0.703,-2.5625,-1.361328125,3.3232421875,
0.7035,-2.7626953125,-1.041015625,3.2431640625,
0.704,-2.8828125,-0.5205078125,2.802734375,
0.7045,-3.0029296875,0.2001953125,2.322265625,
0.705,-3.203125,1.0810546875,1.7216796875,
0.7055,-3.4033203125,1.76171875,1.2412109375,
0.706,-3.4833984375,2.2822265625,0.7607421875,
0.7065,-3.3232421875,2.6025390625,0.3203125,
0.707,-2.7626953125,2.6826171875,-0.3603515625,
0.7075,-2.162109375,3.0029296875,-1.2412109375,
0.708,-1.5615234375,3.203125,-2.08203125,
0.7085,-1.1611328125,3.443359375,-2.7626953125,
0.709,-0.6806640625,3.4033203125,-3.1630859375,
0.7095,-0.16015625,3.04296875,-3.3232421875,
0.71,0.640625,2.482421875,-3.5234375,
0.7105,1.5615234375,1.76171875,-3.8037109375,
0.711,2.2021484375,1.28125,-3.8837890625,
0.7115,2.6826171875,0.8408203125,-3.9638671875,
0.712,2.8427734375,0.4404296875,-3.8037109375,
0.7125,2.802734375,-0.16015625,-3.0830078125,
0.713,3.0029296875,-0.9609375,-2.5625,
0.7135,3.1630859375,-1.8017578125,-1.8818359375,
0.714,3.3232421875,-2.40234375,-1.4013671875,
0.7145,3.2431640625,-2.8427734375,-1.0009765625,
0.715,2.9228515625,-2.962890625,-0.5205078125,
0.7155,2.2822265625,-3.0830078125,0.3203125,
0.716,1.5615234375,-3.36328125,1.28125,
0.7165,1.0009765625,-3.4833984375,1.921875,
0.717,0.6005859375,-3.6435546875,2.5224609375,
0.7175,0.16015625,-3.4833984375,2.802734375,
0.718,-0.48046875,-2.8828125,2.8427734375,
0.7185,-1.28125,-2.322265625,3.04296875,
0.719,-2.162109375,-1.681640625,3.2431640625,
0.7195,-2.6025390625,-1.28125,3.3232421875,
0.72,-2.962890625,-0.9208984375,3.2431640625,
0.7205,-3.04296875,-0.48046875,2.962890625,
0.721,-3.0029296875,0.240234375,2.2822265625,
0.7215,-3.203125,1.0009765625,1.7216796875,
0.722,-3.36328125,1.76171875,1.1611328125,
0.7225,-3.4833984375,2.2822265625,0.6806640625,
0.723,-3.3232421875,2.6025390625,0.3203125,
0.7235,-2.8427734375,2.6826171875,-0.2802734375,
0.724,-2.2822265625,2.8828125,-1.0009765625,
0.7245,-1.6416015625,3.1630859375,-1.9619140625,
0.725,-1.1611328125,3.3232421875,-2.5625,
0.7255,-0.7607421875,3.443359375,-3.0830078125,
0.726,-0.3203125,3.203125,-3.36328125,
0.7265,0.400390625,2.6025390625,-3.4033203125,
0.727,1.201171875,2.001953125,-3.7236328125,
0.7275,1.9619140625,1.4013671875,-3.8837890625,
0.728,2.5224609375,1.0009765625,-4.00390625,
0.7285,2.7626953125,0.6806640625,-3.84375,
0.729,2.8427734375,0.16015625,-3.443359375,
0.7295,2.8828125,-0.5205078125,-2.8427734375,
0.73,3.1630859375,-1.4013671875,-2.2021484375,
0.7305,3.2431640625,-2.1220703125,-1.681640625,
0.731,3.4033203125,-2.72265625,-1.2412109375,
0.7315,3.1630859375,-2.9228515625,-0.7607421875,
0.732,2.5625,-3.0029296875,0,
0.7325,1.9619140625,-3.283203125,0.80078125,
0.733,1.28125,-3.5234375,1.76171875,
0.7335,0.80078125,-3.6435546875,2.2822265625,
0.734,0.3603515625,-3.6435546875,2.72265625,
0.7345,-0.2001953125,-3.2431640625,2.8828125,
0.735,-1.0009765625,-2.5625,3.0029296875,
0.7355,-1.921875,-1.9619140625,3.283203125,
0.736,-2.5625,-1.44140625,3.3232421875,
0.7365,-3.0029296875,-1.0009765625,3.4833984375,
0.737,-3.0830078125,-0.6005859375,3.123046875,
0.7375,-3.0830078125,0.0400390625,2.5224609375,
0.738,-3.203125,0.80078125,1.921875,
0.7385,-3.36328125,1.7216796875,1.2412109375,
0.739,-3.443359375,2.2421875,0.7607421875,
0.7395,-3.4033203125,2.642578125,0.3203125,
0.74,-3.04296875,2.7626953125,-0.16015625,
0.7405,-2.322265625,2.8427734375,-0.9609375,
0.741,-1.76171875,3.1630859375,-1.841796875,
0.7415,-1.1611328125,3.2431640625,-2.5625,
0.742,-0.80078125,3.4033203125,-3.0830078125,
0.7425,-0.3203125,3.203125,-3.283203125,
0.743,0.2802734375,2.6826171875,-3.4033203125,
0.7435,1.0810546875,2.0419921875,-3.5634765625,
0.744,1.841796875,1.4814453125,-3.8037109375,
0.7445,2.3623046875,1.0810546875,-3.84375,
0.745,2.7626953125,0.720703125,-3.8837890625,
0.7455,2.802734375,0.2802734375,-3.5634765625,
0.746,2.802734375,-0.3203125,-2.9228515625,
0.7465,3.04296875,-1.12109375,-2.4423828125,
0.747,3.1630859375,-1.921875,-1.8017578125,
0.7475,3.3232421875,-2.482421875,-1.3212890625,
0.748,3.203125,-2.8427734375,-0.9208984375,
0.7485,2.8427734375,-2.962890625,-0.3603515625,
0.749,2.162109375,-3.1630859375,0.4404296875,
0.7495,1.5615234375,-3.4033203125,1.3212890625,
0.75,1.0009765625,-3.5634765625,2.0419921875,
0.7505,0.6005859375,-3.8037109375,2.642578125,
0.751,0.080078125,-3.4833984375,2.8427734375,
0.7515,-0.640625,-2.8828125,2.9228515625,
0.752,-1.5615234375,-2.322265625,3.203125,
0.7525,-2.3623046875,-1.6416015625,3.443359375,
0.753,-2.8427734375,-1.2412109375,3.5234375,
0.7535,-3.1630859375,-0.7607421875,3.36328125,
0.754,-3.203125,-0.2802734375,2.8828125,
0.7545,-3.203125,0.6005859375,2.162109375,
0.755,-3.4833984375,1.44140625,1.521484375,
0.7555,-3.5634765625,2.2421875,0.9208984375,
0.756,-3.603515625,2.72265625,0.48046875,
0.7565,-3.2431640625,2.8828125,-0.080078125,
0.757,-2.6025390625,3.0029296875,-0.80078125,
0.7575,-1.8818359375,3.203125,-1.8017578125,
0.758,-1.2412109375,3.4033203125,-2.6025390625,
0.7585,-0.720703125,3.4833984375,-3.1630859375,
0.759,-0.3603515625,3.443359375,-3.5634765625,
0.7595,0.3203125,2.8427734375,-3.603515625,
0.76,1.12109375,2.0419921875,-3.7236328125,
0.7605,2.001953125,1.4814453125,-3.8837890625,
0.761,2.6025390625,0.9609375,-4.00390625,
0.7615,2.9228515625,0.6005859375,-3.9638671875,
0.762,3.0029296875,0.16015625,-3.5634765625,
0.7625,3.0029296875,-0.4404296875,-3.0029296875,
0.763,3.04296875,-1.28125,-2.2822265625,
0.7635,3.1630859375,-2.0419921875,-1.681640625,
0.764,3.2431640625,-2.6025390625,-1.1611328125,
0.7645,3.3232421875,-3.04296875,-0.80078125,
0.765,2.802734375,-3.0830078125,-0.2802734375,
0.7655,2.162109375,-3.1630859375,0.48046875,
0.766,1.4814453125,-3.4033203125,1.4013671875,
0.7665,0.9208984375,-3.5634765625,2.1220703125,
0.767,0.48046875,-3.7236328125,2.6025390625,
0.7675,0.080078125,-3.5634765625,2.9228515625,
0.768,-0.6005859375,-3.04296875,3.0029296875,
0.7685,-1.4013671875,-2.2822265625,3.1630859375,
0.769,-2.2021484375,-1.7216796875,3.36328125,
0.7695,-2.8427734375,-1.201171875,3.4833984375,
0.77,-3.203125,-0.8408203125,3.4833984375,
0.7705,-3.203125,-0.3203125,3.04296875,
0.771,-3.203125,0.3203125,2.40234375,
0.7715,-3.4033203125,1.2412109375,1.7216796875,
0.772,-3.5634765625,2.001953125,1.12109375,
0.7725,-3.603515625,2.5625,0.6005859375,
0.773,-3.5634765625,2.962890625,0.1201171875,
0.7735,-2.9228515625,3.04296875,-0.5205078125,
0.774,-2.2021484375,3.1630859375,-1.44140625,
0.7745,-1.4814453125,3.443359375,-2.40234375,
0.775,-0.9609375,3.5634765625,-3.0830078125,
0.7755,-0.5205078125,3.5634765625,-3.5234375,
0.776,0,3.1630859375,-3.68359375,
0.7765,0.80078125,2.5224609375,-3.763671875,
0.777,1.76171875,1.76171875,-3.923828125,
0.7775,2.4423828125,1.201171875,-4.0439453125,
0.778,2.9228515625,0.6806640625,-4.0439453125,
0.7785,3.123046875,0.3203125,-3.8837890625,
0.779,3.04296875,-0.2802734375,-3.203125,
0.7795,3.0830078125,-1.0009765625,-2.5224609375,
0.78,3.2431640625,-1.921875,-1.8017578125,
0.7805,3.3232421875,-2.5625,-1.28125,
0.781,3.283203125,-2.962890625,-0.8408203125,
0.7815,3.0029296875,-3.123046875,-0.400390625,
0.782,2.3623046875,-3.1630859375,0.2802734375,
0.7825,1.5615234375,-3.3232421875,1.2412109375,
0.783,1.0009765625,-3.5634765625,1.9619140625,
0.7835,0.560546875,-3.6435546875,2.5224609375,
0.784,0.16015625,-3.6435546875,2.8427734375,
0.7845,-0.400390625,-3.0830078125,2.9228515625,
0.785,-1.1611328125,-2.482421875,3.0830078125,
0.7855,-2.0419921875,-1.8017578125,3.283203125,
0.786,-2.6025390625,-1.3212890625,3.36328125,
0.7865,-3.0029296875,-0.9208984375,3.4033203125,
0.787,-3.1630859375,-0.560546875,3.1630859375,
0.7875,-3.123046875,0.0400390625,2.5625,
0.788,-3.203125,0.80078125,1.921875,
0.7885,-3.443359375,1.6015625,1.3212890625,
0.789,-3.5634765625,2.2822265625,0.80078125,
0.7895,-3.5234375,2.6826171875,0.4404296875,
0.79,-3.123046875,2.8427734375,-0.2001953125,
0.7905,-2.5625,3.0029296875,-0.8408203125,
0.791,-1.8017578125,3.203125,-1.8818359375,
0.7915,-1.28125,3.3232421875,-2.5625,
0.792,-0.80078125,3.4833984375,-3.203125,
0.7925,-0.3603515625,3.443359375,-3.5234375,
0.793,0.2802734375,2.8427734375,-3.5634765625,
0.7935,1.12109375,2.2421875,-3.8037109375,
0.794,2.0419921875,1.5615234375,-3.9638671875,
0.7945,2.5625,1.0810546875,-4.0439453125,
0.795,2.8828125,0.6806640625,-4.00390625,
0.7955,3.0029296875,0.2001953125,-3.603515625,
0.796,3.04296875,-0.5205078125,-2.962890625,
0.7965,3.1630859375,-1.361328125,-2.2822265625,
0.797,3.283203125,-2.08203125,-1.681640625,
0.7975,3.36328125,-2.72265625,-1.201171875,
0.798,3.2431640625,-3.0029296875,-0.80078125,
0.7985,2.6826171875,-3.04296875,-0.16015625,
0.799,2.0419921875,-3.203125,0.640625,
0.7995,1.28125,-3.4833984375,1.6015625,
0.8,0.8408203125,-3.603515625,2.162109375,
0.8005,0.4404296875,-3.603515625,2.642578125,
0.801,0,-3.36328125,2.8427734375,
0.8015,-0.80078125,-2.642578125,2.8828125,
0.802,-1.6015625,-2.08203125,3.123046875,
0.8025,-2.2822265625,-1.521484375,3.2431640625,
0.803,-2.7626953125,-1.12109375,3.36328125,
0.8035,-2.962890625,-0.80078125,3.203125,
0.804,-2.9228515625,-0.2802734375,2.6826171875,
0.8045,-3.04296875,0.3603515625,2.2021484375,
0.805,-3.203125,1.2412109375,1.5615234375,
0.8055,-3.36328125,1.8818359375,1.0810546875,
0.806,-3.4033203125,2.40234375,0.6005859375,
0.8065,-3.2431640625,2.642578125,0.2001953125,
0.807,-2.642578125,2.6826171875,-0.5205078125,
0.8075,-2.1220703125,2.9228515625,-1.3212890625,
0.808,-1.521484375,3.1630859375,-2.1220703125,
0.8085,-1.0810546875,3.4033203125,-2.72265625,
0.809,-0.6806640625,3.4033203125,-3.1630859375,
0.8095,-0.16015625,3.04296875,-3.3232421875,
0.81,0.6005859375,2.5224609375,-3.5234375,
0.8105,1.44140625,1.8818359375,-3.7236328125,
0.811,2.0419921875,1.4013671875,-3.8837890625,
0.8115,2.6025390625,0.9609375,-3.9638671875,
0.812,2.802734375,0.6005859375,-3.8037109375,
0.8125,2.802734375,0,-3.203125,
0.813,2.962890625,-0.720703125,-2.6826171875,
0.8135,3.1630859375,-1.6015625,-2.0419921875,
0.814,3.283203125,-2.2421875,-1.6015625,
0.8145,3.283203125,-2.6826171875,-1.12109375,
0.815,2.962890625,-2.9228515625,-0.640625,
0.8155,2.40234375,-3.04296875,0.1201171875,
0.816,1.7216796875,-3.3232421875,1.0009765625,
0.8165,1.201171875,-3.443359375,1.76171875,
0.817,0.7607421875,-3.603515625,2.3623046875,
0.8175,0.3603515625,-3.4833984375,2.6025390625,
0.818,-0.2802734375,-2.962890625,2.72265625,
0.8185,-1.041015625,-2.4423828125,2.962890625,
0.819,-1.921875,-1.8017578125,3.203125,
0.8195,-2.40234375,-1.44140625,3.283203125,
0.82,-2.7626953125,-1.0009765625,3.2431640625,
0.8205,-2.8828125,-0.640625,2.962890625,
0.821,-2.8828125,0.0400390625,2.3623046875,
0.8215,-3.0830078125,0.8408203125,1.841796875,
0.822,-3.2431640625,1.521484375,1.28125,
0.8225,-3.36328125,2.1220703125,0.8408203125,
0.823,-3.2431640625,2.3623046875,0.4404296875,
0.8235,-2.8427734375,2.5224609375,-0.16015625,
0.824,-2.3623046875,2.72265625,-0.880859375,
0.8245,-1.7216796875,3.04296875,-1.7216796875,
0.825,-1.28125,3.1630859375,-2.322265625,
0.8255,-0.9208984375,3.3232421875,-2.8828125,
0.826,-0.48046875,3.123046875,-3.123046875,
0.8265,0.2001953125,2.6025390625,-3.203125,
0.827,0.9609375,2.162109375,-3.5234375,
0.8275,1.7216796875,1.6015625,-3.7236328125,
0.828,2.2421875,1.2412109375,-3.84375,
0.8285,2.5224609375,0.8408203125,-3.763671875,
0.829,2.642578125,0.3603515625,-3.36328125,
0.8295,2.7626953125,-0.2802734375,-2.9228515625,
0.83,2.9228515625,-1.0810546875,-2.3623046875,
0.8305,3.1630859375,-1.7216796875,-1.8818359375,
0.831,3.2431640625,-2.40234375,-1.4013671875,
0.8315,3.0830078125,-2.6826171875,-1.0009765625,
0.832,2.5625,-2.8427734375,-0.3603515625,
0.8325,2.162109375,-3.0830078125,0.4404296875,
0.833,1.521484375,-3.3232421875,1.28125,
0.8335,1.0810546875,-3.5234375,1.921875,
0.834,0.640625,-3.5634765625,2.40234375,
0.8345,0.16015625,-3.2431640625,2.6025390625,
0.835,-0.640625,-2.72265625,2.7626953125,
0.8355,-1.44140625,-2.162109375,3.04296875,
0.836,-2.08203125,-1.681640625,3.203125,
0.8365,-2.5625,-1.3212890625,3.36328125,
0.837,-2.72265625,-0.9208984375,3.123046875,
0.8375,-2.8427734375,-0.3203125,2.6025390625,
0.838,-3.0029296875,0.400390625,2.1220703125,
0.8385,-3.203125,1.2412109375,1.5615234375,
0.839,-3.36328125,1.76171875,1.0810546875,
0.8395,-3.36328125,2.2421875,0.6005859375,
0.84,-3.0830078125,2.4423828125,0.1201171875,
0.8405,-2.482421875,2.6025390625,-0.6005859375,
0.841,-1.9619140625,2.962890625,-1.4013671875,
0.8415,-1.44140625,3.1630859375,-2.1220703125,
0.842,-1.041015625,3.3232421875,-2.72265625,
0.8425,-0.640625,3.1630859375,-3.0029296875,
0.843,0,2.802734375,-3.1630859375,
0.8435,0.720703125,2.2421875,-3.36328125,
0.844,1.4814453125,1.7216796875,-3.603515625,
0.8445,2.0419921875,1.28125,-3.763671875,
0.845,2.482421875,0.9609375,-3.8037109375,
0.8455,2.5625,0.5205078125,-3.5234375,
0.846,2.6025390625,-0.080078125,-2.962890625,
0.8465,2.8828125,-0.80078125,-2.5224609375,
0.847,3.04296875,-1.6015625,-1.9619140625,
0.8475,3.1630859375,-2.2021484375,-1.5615234375,
0.848,3.123046875,-2.6025390625,-1.12109375,
0.8485,2.7626953125,-2.72265625,-0.560546875,
0.849,2.2421875,-2.9228515625,0.2001953125,
0.8495,1.681640625,-3.203125,1.0009765625,
0.85,1.201171875,-3.36328125,1.681640625,
0.8505,0.80078125,-3.603515625,2.2421875,
0.851,0.3203125,-3.36328125,2.5224609375,
0.8515,-0.3203125,-2.8828125,2.642578125,
0.852,-1.12109375,-2.40234375,2.962890625,
0.8525,-1.8818359375,-1.841796875,3.1630859375,
0.853,-2.40234375,-1.44140625,3.283203125,
0.8535,-2.72265625,-1.0009765625,3.203125,
0.854,-2.8427734375,-0.560546875,2.8427734375,
0.8545,-2.9228515625,0.16015625,2.2822265625,
0.855,-3.203125,0.9609375,1.76171875,
0.8555,-3.36328125,1.6416015625,1.2412109375,
0.856,-3.5234375,2.2021484375,0.7607421875,
0.8565,-3.203125,2.482421875,0.2802734375,
0.857,-2.72265625,2.642578125,-0.3603515625,
0.8575,-2.1220703125,2.9228515625,-1.28125,
0.858,-1.5615234375,3.1630859375,-2.08203125,
0.8585,-1.12109375,3.3232421875,-2.642578125,
0.859,-0.6806640625,3.36328125,-3.0830078125,
0.8595,-0.1201171875,2.962890625,-3.2431640625,
0.86,0.640625,2.322265625,-3.4033203125,
0.8605,1.4814453125,1.8017578125,-3.68359375,
0.861,2.08203125,1.28125,-3.8037109375,
0.8615,2.5224609375,0.9609375,-3.8837890625,
0.862,2.642578125,0.48046875,-3.5634765625,
0.8625,2.6826171875,0,-3.0830078125,
0.863,2.8427734375,-0.8408203125,-2.5224609375,
0.8635,3.04296875,-1.6416015625,-1.9619140625,
0.864,3.123046875,-2.2021484375,-1.4814453125,
0.8645,3.1630859375,-2.642578125,-1.0810546875,
0.865,2.802734375,-2.7626953125,-0.6005859375,
0.8655,2.2421875,-2.8828125,0.1201171875,
0.866,1.7216796875,-3.203125,0.9609375,
0.8665,1.1611328125,-3.36328125,1.7216796875,
0.867,0.7607421875,-3.5234375,2.2421875,
0.8675,0.3203125,-3.36328125,2.5625,
0.868,-0.2802734375,-2.962890625,2.6826171875,
0.8685,-1.041015625,-2.40234375,2.8828125,
0.869,-1.8017578125,-1.8818359375,3.123046875,
0.8695,-2.3623046875,-1.4013671875,3.203125,
0.87,-2.72265625,-1.12109375,3.283203125,
0.8705,-2.8427734375,-0.640625,2.8828125,
0.871,-2.8828125,0,2.40234375,
0.8715,-3.1630859375,0.720703125,1.921875,
0.872,-3.283203125,1.44140625,1.3212890625,
0.8725,-3.4033203125,2.0419921875,0.9208984375,
0.873,-3.3232421875,2.482421875,0.4404296875,
0.8735,-2.9228515625,2.6025390625,-0.16015625,
0.874,-2.2822265625,2.802734375,-0.9609375,
0.8745,-1.8017578125,3.123046875,-1.76171875,
0.875,-1.28125,3.3232421875,-2.4423828125,
0.8755,-0.9208984375,3.443359375,-2.962890625,
0.876,-0.3603515625,3.123046875,-3.203125,
0.8765,0.3203125,2.6025390625,-3.36328125,
0.877,1.2412109375,2.001953125,-3.603515625,
0.8775,1.8818359375,1.521484375,-3.8037109375,
0.878,2.40234375,1.0810546875,-3.8837890625,
0.8785,2.6826171875,0.6806640625,-3.84375,
0.879,2.72265625,0.1201171875,-3.36328125,
0.8795,2.8427734375,-0.640625,-2.72265625,
0.88,3.0830078125,-1.44140625,-2.2021484375,
0.8805,3.2431640625,-2.162109375,-1.6015625,
0.881,3.3232421875,-2.6025390625,-1.2412109375,
0.8815,3.0029296875,-2.8427734375,-0.6806640625,
0.882,2.5224609375,-2.962890625,0,
0.8825,1.8017578125,-3.203125,0.9208984375,
0.883,1.2412109375,-3.4033203125,1.6416015625,
0.8835,0.7607421875,-3.5634765625,2.2421875,
0.884,0.400390625,-3.5634765625,2.6826171875,
0.8845,-0.240234375,-3.0830078125,2.7626953125,
0.885,-1.0009765625,-2.482421875,2.8828125,
0.8855,-1.841796875,-1.8818359375,3.1630859375,
0.886,-2.4423828125,-1.4013671875,3.283203125,
0.8865,-2.8427734375,-1.0009765625,3.283203125,
0.887,-2.9228515625,-0.640625,3.0029296875,
0.8875,-2.962890625,0,2.482421875,
0.888,-3.0830078125,0.7607421875,1.841796875,
0.8885,-3.283203125,1.521484375,1.28125,
0.889,-3.4033203125,2.162109375,0.80078125,
0.8895,-3.4033203125,2.5224609375,0.4404296875,
0.89,-2.9228515625,2.642578125,-0.16015625,
0.8905,-2.40234375,2.8427734375,-0.8408203125,
0.891,-1.76171875,3.0830078125,-1.76171875,
0.8915,-1.28125,3.2431640625,-2.40234375,
0.892,-0.8408203125,3.36328125,-2.9228515625,
0.8925,-0.4404296875,3.283203125,-3.2431640625,
0.893,0.240234375,2.72265625,-3.36328125,
0.8935,1.0009765625,2.1220703125,-3.5634765625,
0.894,1.8017578125,1.5615234375,-3.8037109375,
0.8945,2.2421875,1.0810546875,-3.8837890625,
0.895,2.6826171875,0.7607421875,-3.8837890625,
0.8955,2.7626953125,0.2802734375,-3.4833984375,
0.896,2.8427734375,-0.3203125,-2.962890625,
0.8965,3.04296875,-1.2412109375,-2.322265625,
0.897,3.1630859375,-1.921875,-1.8017578125,
0.8975,3.3232421875,-2.482421875,-1.3212890625,
0.898,3.2431640625,-2.8828125,-0.9208984375,
0.8985,2.6826171875,-2.9228515625,-0.2802734375,
0.899,2.08203125,-3.1630859375,0.560546875,
0.8995,1.44140625,-3.4033203125,1.4814453125,
0.9,0.9609375,-3.603515625,2.1220703125,
0.9005,0.560546875,-3.68359375,2.6025390625,
0.901,0.0400390625,-3.36328125,2.802734375,
0.9015,-0.720703125,-2.7626953125,2.9228515625,
0.902,-1.6416015625,-2.08203125,3.203125,
0.9025,-2.322265625,-1.681640625,3.283203125,
0.903,-2.8427734375,-1.1611328125,3.443359375,
0.9035,-3.0830078125,-0.80078125,3.2431640625,
0.904,-3.0830078125,-0.16015625,2.6826171875,
0.9045,-3.203125,0.6005859375,2.08203125,
0.905,-3.36328125,1.5615234375,1.4013671875,
0.9055,-3.5234375,2.162109375,0.9208984375,
0.906,-3.4833984375,2.6025390625,0.4404296875,
0.9065,-3.203125,2.8427734375,0,
0.907,-2.5625,2.8828125,-0.80078125,
0.9075,-1.8818359375,3.1630859375,-1.76171875,
0.908,-1.2412109375,3.3232421875,-2.5224609375,
0.9085,-0.80078125,3.443359375,-3.0830078125,
0.909,-0.3603515625,3.3232421875,-3.36328125,
0.9095,0.240234375,2.8427734375,-3.4033203125,
0.91,1.0009765625,2.2021484375,-3.603515625,
0.9105,1.921875,1.44140625,-3.8837890625,
0.911,2.40234375,1.041015625,-3.8837890625,
0.9115,2.802734375,0.6005859375,-3.8837890625,
0.912,2.9228515625,0.2802734375,-3.603515625,
0.9125,2.8427734375,-0.3603515625,-2.9228515625,
0.913,3.0029296875,-1.12109375,-2.3623046875,
0.9135,3.1630859375,-1.8818359375,-1.8017578125,
0.914,3.2431640625,-2.482421875,-1.28125,
0.9145,3.203125,-2.8427734375,-0.9208984375,
0.915,2.8427734375,-2.962890625,-0.400390625,
0.9155,2.2421875,-3.0830078125,0.3203125,
0.916,1.5615234375,-3.3232421875,1.28125,
0.9165,1.0009765625,-3.4833984375,1.921875,
0.917,0.6005859375,-3.6435546875,2.5224609375,
0.9175,0.2001953125,-3.5234375,2.7626953125,
0.918,-0.48046875,-2.9228515625,2.8427734375,
0.9185,-1.28125,-2.4423828125,3.04296875,
0.919,-2.1220703125,-1.8017578125,3.3232421875,
0.9195,-2.642578125,-1.3212890625,3.443359375,
0.92,-3.0029296875,-0.9208984375,3.3232421875,
0.9205,-3.0830078125,-0.48046875,3.0029296875,
0.921,-3.123046875,0.240234375,2.40234375,
0.9215,-3.283203125,1.0810546875,1.76171875,
0.922,-3.5234375,1.8818359375,1.201171875,
0.9225,-3.603515625,2.482421875,0.6806640625,
0.923,-3.4033203125,2.7626953125,0.240234375,
0.9235,-2.8828125,2.8427734375,-0.4404296875,
0.924,-2.2822265625,3.123046875,-1.3212890625,
0.9245,-1.521484375,3.36328125,-2.2822265625,
0.925,-1.0009765625,3.4833984375,-2.8828125,
0.9255,-0.6005859375,3.5234375,-3.36328125,
0.926,0,3.1630859375,-3.5634765625,
0.9265,0.7607421875,2.40234375,-3.6435546875,
0.927,1.6416015625,1.76171875,-3.8837890625,
0.9275,2.40234375,1.1611328125,-4.00390625,
0.928,2.8427734375,0.80078125,-4.0439453125,
0.9285,2.962890625,0.3203125,-3.7236328125,
0.929,2.962890625,-0.2001953125,-3.203125,
0.9295,3.04296875,-1.0009765625,-2.5625,
0.93,3.203125,-1.8818359375,-1.841796875,
0.9305,3.2431640625,-2.4423828125,-1.361328125,
0.931,3.3232421875,-2.9228515625,-0.9208984375,
0.9315,2.962890625,-3.04296875,-0.48046875,
0.932,2.2421875,-3.0830078125,0.2802734375,
0.9325,1.6416015625,-3.3232421875,1.1611328125,
0.933,1.0009765625,-3.5234375,1.9619140625,
0.9335,0.6005859375,-3.5634765625,2.482421875,
0.934,0.16015625,-3.4833984375,2.802734375,
0.9345,-0.3603515625,-3.0830078125,2.8427734375,
0.935,-1.1611328125,-2.4423828125,3.0029296875,
0.9355,-1.9619140625,-1.8017578125,3.203125,
0.936,-2.5625,-1.28125,3.3232421875,
0.9365,-3.0029296875,-0.9609375,3.36328125,
0.937,-3.0830078125,-0.5205078125,3.0830078125,
0.9375,-3.04296875,0.080078125,2.482421875,
0.938,-3.2431640625,0.8408203125,1.921875,
0.9385,-3.4033203125,1.7216796875,1.28125,
0.939,-3.5634765625,2.2421875,0.80078125,
0.9395,-3.4833984375,2.72265625,0.3203125,
0.94,-3.123046875,2.8427734375,-0.2001953125,
0.9405,-2.40234375,2.962890625,-1.0009765625,
0.941,-1.8017578125,3.283203125,-1.9619140625,
0.9415,-1.201171875,3.443359375,-2.6826171875,
0.942,-0.80078125,3.6435546875,-3.2431640625,
0.9425,-0.2802734375,3.3232421875,-3.5234375,
0.943,0.4404296875,2.72265625,-3.603515625,
0.9435,1.361328125,2.0419921875,-3.923828125,
0.944,2.2021484375,1.44140625,-4.0439453125,
0.9445,2.6826171875,0.9609375,-4.0439453125,
0.945,3.04296875,0.560546875,-4.0439453125,
0.9455,3.0830078125,0.0400390625,-3.5234375,
0.946,3.04296875,-0.80078125,-2.7626953125,
0.9465,3.2431640625,-1.6416015625,-2.1220703125,
0.947,3.4033203125,-2.4423828125,-1.44140625,
0.9475,3.443359375,-2.9228515625,-1.0009765625,
0.948,3.1630859375,-3.203125,-0.5205078125,
0.9485,2.5625,-3.2431640625,0.16015625,
0.949,1.76171875,-3.4033203125,1.12109375,
0.9495,1.0810546875,-3.603515625,1.9619140625,
0.95,0.560546875,-3.6435546875,2.5625,
0.9505,0.2001953125,-3.7236328125,3.0029296875,
0.951,-0.48046875,-3.203125,3.04296875,
0.9515,-1.1611328125,-2.482421875,3.0029296875,
0.952,-2.08203125,-1.8017578125,3.3232421875,
0.9525,-2.72265625,-1.2412109375,3.443359375,
0.953,-3.0830078125,-0.8408203125,3.36328125,
0.9535,-3.2431640625,-0.400390625,3.123046875,
0.954,-3.203125,0.16015625,2.5625,
0.9545,-3.203125,0.9609375,1.841796875,
0.955,-3.4033203125,1.76171875,1.2412109375,
0.9555,-3.5234375,2.40234375,0.640625,
0.956,-3.5234375,2.8427734375,0.2802734375,
0.9565,-3.0830078125,2.9228515625,-0.3203125,
0.957,-2.482421875,3.0029296875,-1.0009765625,
0.9575,-1.8017578125,3.2431640625,-1.921875,
0.958,-1.1611328125,3.4033203125,-2.72265625,
0.9585,-0.6806640625,3.4833984375,-3.203125,
0.959,-0.3203125,3.4833984375,-3.5634765625,
0.9595,0.3603515625,2.9228515625,-3.68359375,
0.96,1.1611328125,2.2421875,-3.763671875,
0.9605,2.001953125,1.5615234375,-4.00390625,
0.961,2.6826171875,1.0009765625,-4.083984375,
0.9615,3.04296875,0.640625,-4.1240234375,
0.962,3.1630859375,0.1201171875,-3.7236328125,
0.9625,3.1630859375,-0.5205078125,-3.0830078125,
0.963,3.2431640625,-1.4013671875,-2.322265625,
0.9635,3.443359375,-2.2021484375,-1.681640625,
0.964,3.4833984375,-2.8427734375,-1.1611328125,
0.9645,3.443359375,-3.2431640625,-0.720703125,
0.965,2.8427734375,-3.2431640625,-0.080078125,
0.9655,2.1220703125,-3.36328125,0.7607421875,
0.966,1.4013671875,-3.6435546875,1.76171875,
0.9665,0.80078125,-3.8037109375,2.482421875,
0.967,0.3203125,-3.8037109375,2.8828125,
0.9675,-0.16015625,-3.5634765625,3.123046875,
0.968,-0.9208984375,-2.802734375,3.1630859375,
0.9685,-1.841796875,-2.001953125,3.3232421875,
0.969,-2.5625,-1.44140625,3.443359375,
0.9695,-3.0830078125,-0.9609375,3.4833984375,
0.97,-3.283203125,-0.6005859375,3.3232421875,
0.9705,-3.203125,0,2.72265625,
0.971,-3.203125,0.6806640625,2.08203125,
0.9715,-3.4033203125,1.5615234375,1.361328125,
0.972,-3.4833984375,2.2421875,0.8408203125,
0.9725,-3.4833984375,2.6826171875,0.3603515625,
0.973,-3.283203125,2.9228515625,0,
0.9735,-2.642578125,3.0029296875,-0.720703125,
0.974,-1.9619140625,3.123046875,-1.6015625,
0.9745,-1.3212890625,3.283203125,-2.482421875,
0.975,-0.80078125,3.443359375,-3.0830078125,
0.9755,-0.48046875,3.443359375,-3.4833984375,
0.976,0.1201171875,3.04296875,-3.5634765625,
0.9765,0.80078125,2.4423828125,-3.6435546875,
0.977,1.76171875,1.7216796875,-3.84375,
0.9775,2.322265625,1.2412109375,-3.9638671875,
0.978,2.8427734375,0.7607421875,-3.9638671875,
0.9785,3.04296875,0.400390625,-3.84375,
0.979,2.962890625,-0.16015625,-3.2431640625,
0.9795,3.04296875,-0.9208984375,-2.6025390625,
0.98,3.2431640625,-1.76171875,-1.9619140625,
0.9805,3.3232421875,-2.4423828125,-1.4013671875,
0.981,3.36328125,-2.8828125,-1.0009765625,
0.9815,3.04296875,-3.0830078125,-0.5205078125,
0.982,2.5224609375,-3.203125,0.16015625,
0.9825,1.76171875,-3.443359375,1.12109375,
0.983,1.12109375,-3.603515625,1.921875,
0.9835,0.640625,-3.763671875,2.5224609375,
0.984,0.2802734375,-3.68359375,2.8427734375,
0.9845,-0.3603515625,-3.123046875,2.9228515625,
0.985,-1.1611328125,-2.5625,3.123046875,
0.9855,-2.08203125,-1.841796875,3.36328125,
0.986,-2.6025390625,-1.361328125,3.443359375,
0.9865,-3.0029296875,-0.9609375,3.4033203125,
0.987,-3.1630859375,-0.5205078125,3.123046875,
0.9875,-3.0830078125,0.1201171875,2.482421875,
0.988,-3.203125,0.9609375,1.841796875,
0.9885,-3.4033203125,1.7216796875,1.28125,
0.989,-3.5634765625,2.3623046875,0.7607421875,
0.9895,-3.4033203125,2.6826171875,0.3203125,
0.99,-2.962890625,2.802734375,-0.2802734375,
0.9905,-2.3623046875,2.9228515625,-1.041015625,
0.991,-1.681640625,3.1630859375,-2.001953125,
0.9915,-1.201171875,3.283203125,-2.6025390625,
0.992,-0.720703125,3.443359375,-3.1630859375,
0.9925,-0.3203125,3.283203125,-3.36328125,
0.993,0.3603515625,2.642578125,-3.4033203125,
0.9935,1.201171875,2.0419921875,-3.6435546875,
0.994,1.9619140625,1.44140625,-3.84375,
0.9945,2.482421875,1.0009765625,-3.923828125,
0.995,2.7626953125,0.640625,-3.84375,
0.9955,2.8427734375,0.2001953125,-3.4033203125,
0.996,2.8828125,-0.48046875,-2.9228515625,
0.9965,3.04296875,-1.3212890625,-2.2021484375,
0.997,3.203125,-1.9619140625,-1.7216796875,
0.9975,3.283203125,-2.6025390625,-1.2412109375,
0.998,3.1630859375,-2.8828125,-0.80078125,
0.9985,2.642578125,-2.962890625,-0.240234375,
0.999,2.08203125,-3.203125,0.560546875,
0.9995,1.361328125,-3.4833984375,1.44140625,